battery_id,cycle,voltage_avg,voltage_max,voltage_min,current_avg,current_max,temp_avg,temp_max,discharge_duration_s,charge_duration_s,capacity_ah,soh_percent,voltage_range,temp_range,energy_wh,condition
B0005,1,3.8404,4.1939,3.042,1.9953,2.1221,24.32,27.62,3503.7,3607.1,1.95,97.5,1.1519000000000004,3.3000000000000007,7.488779999999999,GOOD
B0005,2,3.851,4.2071,3.0292,1.878,2.1681,24.85,27.91,3689.7,3660.5,1.9479,97.39,1.1778999999999997,3.0599999999999987,7.5013629,GOOD
B0005,3,3.8541,4.2018,3.0142,1.9853,2.1491,25.15,28.77,3524.7,3600.2,1.9461,97.31,1.1876000000000002,3.620000000000001,7.500464009999999,GOOD
B0005,4,3.8367,4.2043,3.0284,1.9816,2.1613,24.15,27.73,3520.4,3663.0,1.9452,97.26,1.1759,3.580000000000002,7.463148840000001,GOOD
B0005,5,3.8271,4.1886,2.9751,2.0086,2.1597,25.72,26.34,3499.3,3603.5,1.943,97.15,1.2135000000000002,0.620000000000001,7.4360553000000005,GOOD
B0005,6,3.8575,4.2111,3.0166,2.0048,2.1626,24.39,27.16,3428.4,3548.3,1.9406,97.03,1.1945000000000001,2.7699999999999996,7.4858645,GOOD
B0005,7,3.8336,4.2017,3.0205,2.0106,2.1679,24.46,28.13,3514.0,3558.5,1.938,96.9,1.1811999999999996,3.669999999999998,7.4295168,GOOD
B0005,8,3.8727,4.2015,2.9599,2.0163,2.1476,25.57,29.02,3431.4,3570.2,1.935,96.75,1.2416,3.4499999999999993,7.4936745,GOOD
B0005,9,3.8319,4.1999,2.9905,2.1317,2.1192,24.6,28.74,3291.2,3696.0,1.9333,96.67,1.2094000000000005,4.139999999999997,7.40821227,GOOD
B0005,10,3.8584,4.2005,3.0099,1.9695,2.1405,24.06,28.12,3555.8,3596.6,1.9295,96.48,1.1905999999999999,4.060000000000002,7.4447828000000005,GOOD
B0005,11,3.8402,4.2025,2.9861,2.0425,2.1107,24.58,27.88,3360.0,3723.2,1.9286,96.43,1.2163999999999997,3.3000000000000007,7.40620972,GOOD
B0005,12,3.8589,4.1955,2.9801,2.0151,2.1062,24.77,28.27,3419.1,3573.1,1.9281,96.4,1.2153999999999998,3.5,7.44034509,GOOD
B0005,13,3.8599,4.1965,2.9879,2.0619,2.1072,25.6,30.43,3419.7,3528.9,1.9249,96.24,1.2086000000000006,4.829999999999998,7.429921510000001,GOOD
B0005,14,3.8469,4.192,2.9754,1.9931,2.192,25.31,28.71,3490.4,3628.7,1.9239,96.2,1.2166000000000001,3.400000000000002,7.40105091,GOOD
B0005,15,3.826,4.2024,2.9966,1.9452,2.1295,26.09,29.13,3535.5,3596.7,1.922,96.1,1.2058,3.039999999999999,7.353572,GOOD
B0005,16,3.8529,4.2046,2.9885,2.0585,2.1762,25.56,27.12,3327.5,3637.6,1.9203,96.02,1.2161,1.5600000000000023,7.3987238699999995,GOOD
B0005,17,3.845,4.2033,2.9894,1.9699,2.1246,26.08,29.07,3501.1,3651.1,1.9205,96.02,1.2138999999999998,2.990000000000002,7.384322500000001,GOOD
B0005,18,3.8696,4.201,2.9823,1.9929,2.092,25.57,28.61,3424.0,3608.0,1.9176,95.88,1.2186999999999997,3.039999999999999,7.42034496,GOOD
B0005,19,3.8314,4.1933,3.0069,2.0317,2.2418,24.42,29.39,3401.0,3611.9,1.9141,95.7,1.1864,4.969999999999999,7.3336827399999995,GOOD
B0005,20,3.8416,4.1883,2.9671,2.0682,2.1852,25.2,29.2,3410.0,3608.8,1.9111,95.55,1.2212,4.0,7.34168176,GOOD
B0005,21,3.8445,4.2009,2.9762,2.0303,2.0917,25.79,28.79,3378.7,3591.5,1.9092,95.46,1.2247,3.0,7.3399194,GOOD
B0005,22,3.829,4.1862,2.977,2.0548,2.1399,26.06,27.69,3303.6,3581.0,1.908,95.4,1.2092000000000005,1.6300000000000026,7.305732,GOOD
B0005,23,3.8231,4.1999,3.0172,1.9667,2.0992,26.1,27.37,3455.8,3631.3,1.9073,95.37,1.1827000000000005,1.2699999999999996,7.291798630000001,GOOD
B0005,24,3.8301,4.1979,2.9726,2.0945,2.1297,24.87,28.38,3262.9,3635.8,1.9056,95.28,1.2252999999999998,3.509999999999998,7.29863856,GOOD
B0005,25,3.8464,4.1948,2.9955,1.9976,2.1656,25.31,29.31,3484.9,3582.9,1.9061,95.3,1.1993,4.0,7.331623039999999,GOOD
B0005,26,3.8323,4.2054,2.9705,1.9634,2.1327,25.54,28.12,3480.5,3619.3,1.9043,95.21,1.2349,2.580000000000002,7.29784889,GOOD
B0005,27,3.8517,4.1957,2.9743,2.0136,2.2173,25.04,30.87,3365.8,3622.7,1.9025,95.12,1.2214000000000005,5.830000000000002,7.32785925,GOOD
B0005,28,3.8266,4.2007,2.9896,1.9759,2.0872,25.36,29.12,3463.5,3644.2,1.9009,95.05,1.2111000000000005,3.7600000000000016,7.27398394,GOOD
B0005,29,3.8446,4.1999,2.9798,2.0586,2.1659,26.32,30.82,3323.6,3603.7,1.8967,94.83,1.2201000000000004,4.5,7.292052819999999,GOOD
B0005,30,3.855,4.1913,2.9878,1.9558,2.129,25.42,28.94,3448.5,3659.7,1.8986,94.93,1.2035,3.5199999999999996,7.319103,GOOD
B0005,31,3.8612,4.1913,3.0008,1.9986,2.0985,24.94,30.41,3432.4,3612.4,1.8981,94.9,1.1905000000000001,5.469999999999999,7.32894372,GOOD
B0005,32,3.858,4.2062,3.0082,1.9692,2.1615,26.19,27.59,3476.7,3658.8,1.8988,94.94,1.198,1.3999999999999986,7.3255704,GOOD
B0005,33,3.8201,4.1924,2.9894,2.0316,2.0824,23.86,29.08,3341.8,3604.6,1.8959,94.79,1.2030000000000003,5.219999999999999,7.24252759,GOOD
B0005,34,3.8512,4.1971,2.9782,1.9329,2.0491,26.75,31.33,3518.0,3627.0,1.8944,94.72,1.2188999999999997,4.579999999999998,7.29571328,GOOD
B0005,35,3.8611,4.2009,2.9819,2.0028,2.1518,24.72,28.84,3427.5,3608.2,1.8921,94.6,1.2189999999999999,4.120000000000001,7.30558731,GOOD
B0005,36,3.818,4.1986,2.942,2.0145,2.1444,24.51,30.33,3372.6,3692.4,1.89,94.5,1.2565999999999997,5.819999999999997,7.216019999999999,GOOD
B0005,37,3.822,4.1923,2.947,1.9207,2.1373,27.08,27.38,3561.0,3649.2,1.8863,94.31,1.2453000000000003,0.3000000000000007,7.2094386,GOOD
B0005,38,3.8458,4.1907,2.9848,1.9725,2.0762,26.0,28.49,3478.5,3607.5,1.8836,94.18,1.2058999999999997,2.4899999999999984,7.24394888,GOOD
B0005,39,3.8402,4.1948,2.9667,2.0422,2.118,25.41,28.4,3359.9,3591.4,1.8816,94.08,1.2281,2.9899999999999984,7.22572032,GOOD
B0005,40,3.825,4.1945,2.9533,2.0231,2.1188,24.92,28.84,3320.9,3566.5,1.8797,93.99,1.2411999999999996,3.919999999999998,7.1898525,GOOD
B0005,41,3.8087,4.2045,2.9373,1.9677,2.1379,27.37,27.7,3440.3,3662.0,1.8781,93.91,1.2672000000000003,0.3299999999999983,7.15311947,GOOD
B0005,42,3.8157,4.1953,2.9969,1.9692,2.1931,26.26,30.7,3437.0,3601.6,1.8765,93.82,1.1983999999999995,4.439999999999998,7.16016105,GOOD
B0005,43,3.8362,4.1965,2.9818,2.0462,2.1744,24.99,28.87,3274.7,3590.3,1.8725,93.62,1.2147000000000006,3.8800000000000026,7.1832845,GOOD
B0005,44,3.8223,4.1973,2.9747,1.9999,2.1372,27.12,29.45,3397.0,3599.2,1.8715,93.58,1.2226000000000004,2.3299999999999983,7.15343445,GOOD
B0005,45,3.8521,4.1825,2.9509,2.0297,2.1864,26.29,29.62,3363.3,3673.5,1.869,93.45,1.2316000000000003,3.330000000000002,7.1995749,GOOD
B0005,46,3.8333,4.1972,2.9976,2.0433,2.1469,26.33,27.73,3320.2,3648.8,1.868,93.4,1.1995999999999998,1.4000000000000021,7.1606044,GOOD
B0005,47,3.829,4.1959,2.9528,1.9426,2.1319,24.72,30.56,3390.0,3704.8,1.8645,93.23,1.2431,5.84,7.1391705000000005,GOOD
B0005,48,3.8533,4.1907,2.9728,1.9624,2.2002,26.23,30.75,3422.9,3638.1,1.8646,93.23,1.2178999999999998,4.52,7.18486318,GOOD
B0005,49,3.8225,4.1887,2.9348,2.0025,2.1353,24.51,30.23,3310.5,3578.1,1.8618,93.09,1.2538999999999998,5.719999999999999,7.116730499999999,GOOD
B0005,50,3.8165,4.1956,2.9995,1.981,2.1182,26.4,28.97,3380.5,3637.6,1.8598,92.99,1.1961,2.5700000000000003,7.0979266999999995,GOOD
B0005,51,3.8304,4.1959,2.9911,1.9874,2.1538,26.97,30.26,3354.5,3661.6,1.8578,92.89,1.2048,3.2900000000000027,7.116117119999999,GOOD
B0005,52,3.8258,4.1909,2.9699,2.0595,2.1567,26.36,28.94,3224.6,3578.3,1.8568,92.84,1.221,2.580000000000002,7.10374544,GOOD
B0005,53,3.8229,4.1932,3.0011,2.0781,2.1667,27.99,31.25,3157.3,3669.2,1.8573,92.87,1.1921,3.2600000000000016,7.10027217,GOOD
B0005,54,3.8241,4.1875,2.9687,1.896,2.1494,25.86,28.63,3556.7,3625.3,1.8544,92.72,1.2187999999999999,2.7699999999999996,7.0914110400000006,GOOD
B0005,55,3.8416,4.1945,2.965,2.0408,2.167,26.6,31.71,3304.4,3624.1,1.8521,92.61,1.2294999999999998,5.109999999999999,7.115027360000001,GOOD
B0005,56,3.8372,4.1955,2.9894,2.0494,2.1729,26.41,29.08,3245.8,3647.1,1.8511,92.56,1.2061000000000002,2.669999999999998,7.10304092,GOOD
B0005,57,3.8458,4.2046,2.9155,1.93,2.1569,25.96,30.26,3450.7,3587.5,1.8511,92.56,1.2891,4.300000000000001,7.11896038,GOOD
B0005,58,3.8338,4.1914,2.9837,1.9746,2.1127,26.6,30.38,3384.2,3656.9,1.8475,92.37,1.2077,3.7799999999999976,7.0829455,GOOD
B0005,59,3.8335,4.1912,2.9392,2.0371,2.1573,27.13,28.36,3245.1,3705.8,1.8448,92.24,1.2520000000000002,1.2300000000000004,7.0720408,GOOD
B0005,60,3.8304,4.1824,2.9822,1.907,2.1799,27.05,27.76,3415.9,3687.3,1.8459,92.29,1.2002000000000002,0.7100000000000009,7.07053536,GOOD
B0005,61,3.8124,4.1895,2.9615,1.9994,2.1816,26.91,31.72,3346.3,3659.3,1.8423,92.12,1.2279999999999998,4.809999999999999,7.02358452,GOOD
B0005,62,3.8188,4.1935,2.9872,1.9797,2.1578,24.75,30.85,3414.8,3593.7,1.8406,92.03,1.2063000000000001,6.100000000000001,7.02888328,GOOD
B0005,63,3.8275,4.1808,2.9419,2.0665,2.21,27.15,31.77,3160.9,3604.3,1.8347,91.74,1.2388999999999997,4.620000000000001,7.02231425,GOOD
B0005,64,3.8153,4.1974,2.9531,2.0434,2.1219,25.9,30.44,3214.1,3684.1,1.8346,91.73,1.2443,4.540000000000003,6.99954938,GOOD
B0005,65,3.8166,4.1956,2.9402,1.9383,2.117,27.06,28.92,3446.8,3604.9,1.8332,91.66,1.2553999999999998,1.860000000000003,6.996591120000001,GOOD
B0005,66,3.8141,4.1888,2.9521,2.0526,2.1426,26.6,31.12,3235.4,3631.5,1.8304,91.52,1.2366999999999995,4.52,6.98132864,GOOD
B0005,67,3.8244,4.1923,2.9527,1.9403,2.1583,26.1,31.25,3372.9,3607.3,1.8288,91.44,1.2396000000000003,5.149999999999999,6.99406272,GOOD
B0005,68,3.823,4.2046,2.913,2.0055,2.1839,26.24,29.47,3251.8,3569.5,1.8261,91.3,1.2916000000000003,3.2300000000000004,6.9811803,GOOD
B0005,69,3.8175,4.1909,2.9023,1.9283,2.194,26.97,31.58,3433.3,3594.5,1.8223,91.12,1.2886000000000002,4.609999999999999,6.95663025,GOOD
B0005,70,3.8512,4.1902,2.8726,1.9822,2.1571,26.3,30.23,3275.6,3671.9,1.8173,90.86,1.3176,3.9299999999999997,6.99878576,GOOD
B0005,71,3.8359,4.199,2.8997,1.9615,2.1313,28.83,30.63,3355.5,3560.3,1.815,90.75,1.2992999999999997,1.8000000000000007,6.9621585,GOOD
B0005,72,3.8359,4.1971,2.9549,2.0007,2.1518,25.45,29.62,3268.6,3607.4,1.8127,90.63,1.2422,4.170000000000002,6.95333593,GOOD
B0005,73,3.8278,4.1995,2.9608,2.0114,2.1724,27.63,30.05,3229.1,3632.6,1.8097,90.48,1.2386999999999997,2.4200000000000017,6.92716966,GOOD
B0005,74,3.8356,4.1895,2.9658,1.9817,2.1642,26.98,29.61,3284.0,3650.3,1.8081,90.4,1.2236999999999996,2.629999999999999,6.93514836,GOOD
B0005,75,3.7999,4.201,2.9418,1.9603,2.1986,27.37,29.42,3285.3,3628.6,1.806,90.3,1.2591999999999994,2.0500000000000007,6.862619400000001,GOOD
B0005,76,3.8289,4.1972,2.95,2.0673,2.1538,26.29,30.66,3138.5,3534.9,1.8035,90.17,1.2471999999999994,4.370000000000001,6.9054211500000005,GOOD
B0005,77,3.8239,4.1902,2.9255,2.0456,2.1225,27.49,29.36,3254.0,3629.9,1.802,90.1,1.2647,1.870000000000001,6.8906678,GOOD
B0005,78,3.8359,4.1901,2.9667,2.0186,2.1464,26.77,31.94,3217.3,3656.3,1.8002,90.01,1.2234000000000003,5.170000000000002,6.90538718,GOOD
B0005,79,3.8204,4.1947,2.9344,1.9975,2.1164,27.21,29.05,3247.7,3628.3,1.7973,89.87,1.2603,1.8399999999999999,6.866404919999999,GOOD
B0005,80,3.8023,4.1814,2.929,1.9477,2.0966,27.61,32.4,3293.2,3637.0,1.7947,89.73,1.2524000000000002,4.789999999999999,6.823987809999999,GOOD
B0005,81,3.8077,4.1952,2.9554,1.9566,2.1513,28.05,31.52,3323.8,3695.2,1.7928,89.64,1.2397999999999998,3.469999999999999,6.82644456,GOOD
B0005,82,3.8326,4.1925,2.9268,2.0052,2.134,25.49,30.59,3222.5,3617.5,1.789,89.45,1.2656999999999998,5.100000000000001,6.856521399999999,GOOD
B0005,83,3.8145,4.1985,2.9264,2.0678,2.0686,28.15,32.2,3138.2,3561.0,1.787,89.35,1.2721,4.050000000000004,6.816511499999999,GOOD
B0005,84,3.8156,4.179,2.9588,2.0722,2.0929,27.24,32.33,3135.5,3675.4,1.7836,89.18,1.2202000000000002,5.09,6.80550416,GOOD
B0005,85,3.8269,4.1904,2.9519,2.0128,2.1494,27.64,30.8,3191.0,3620.3,1.7845,89.23,1.2385000000000002,3.16,6.8291030500000005,GOOD
B0005,86,3.8241,4.1874,2.9272,2.0143,2.0874,25.66,30.71,3202.4,3672.8,1.7842,89.21,1.2602000000000002,5.050000000000001,6.82295922,GOOD
B0005,87,3.8247,4.1901,2.9127,1.9676,2.1741,27.39,31.1,3271.2,3680.6,1.7839,89.19,1.2774,3.710000000000001,6.8228823300000006,GOOD
B0005,88,3.8156,4.1969,2.923,2.0309,2.1349,26.87,30.98,3173.8,3691.8,1.7818,89.09,1.2739000000000003,4.109999999999999,6.79863608,GOOD
B0005,89,3.7919,4.1943,2.9779,2.0054,2.0987,27.36,31.11,3191.7,3682.3,1.7794,88.97,1.2164000000000001,3.75,6.74730686,GOOD
B0005,90,3.8243,4.1798,2.9104,1.991,2.0971,27.19,30.96,3217.9,3654.2,1.7776,88.88,1.2694,3.7699999999999996,6.79807568,GOOD
B0005,91,3.8008,4.1911,2.9146,2.0454,2.1511,28.77,32.01,3159.8,3650.8,1.7765,88.83,1.2764999999999995,3.2399999999999984,6.7521212,GOOD
B0005,92,3.8392,4.1889,2.9373,1.9867,2.1419,26.36,30.48,3186.8,3669.8,1.7741,88.7,1.2516000000000003,4.120000000000001,6.81112472,GOOD
B0005,93,3.8114,4.1918,2.9226,1.9595,2.1759,27.85,29.36,3244.3,3611.2,1.7705,88.53,1.2691999999999997,1.509999999999998,6.7480837,GOOD
B0005,94,3.8023,4.1904,2.9182,1.9824,2.1832,27.8,30.59,3195.3,3666.7,1.7687,88.44,1.2722000000000002,2.789999999999999,6.72512801,GOOD
B0005,95,3.8029,4.1893,2.9609,1.9707,2.2073,28.26,33.05,3207.0,3640.8,1.7659,88.29,1.2284000000000002,4.789999999999996,6.71554111,GOOD
B0005,96,3.8285,4.1876,2.9378,2.0339,2.1486,28.44,31.47,3147.5,3628.2,1.7641,88.21,1.2497999999999996,3.0299999999999976,6.75385685,GOOD
B0005,97,3.8222,4.1925,2.9273,1.9828,2.1965,26.53,30.22,3228.7,3682.9,1.7627,88.14,1.2652,3.6899999999999977,6.73739194,GOOD
B0005,98,3.8065,4.1927,2.956,2.1258,2.1003,27.11,30.95,3029.3,3549.7,1.76,88.0,1.2367000000000004,3.84,6.69944,GOOD
B0005,99,3.8065,4.1983,2.9508,2.0183,2.1026,27.02,31.0,3094.3,3695.7,1.7571,87.85,1.2474999999999996,3.9800000000000004,6.688401150000001,GOOD
B0005,100,3.8395,4.1998,2.9123,2.0164,2.1478,28.22,32.77,3143.8,3668.8,1.7565,87.83,1.2874999999999996,4.550000000000004,6.74408175,GOOD
B0005,101,3.8162,4.1907,2.901,1.9993,2.1385,27.04,30.39,3161.9,3619.3,1.755,87.75,1.2896999999999998,3.3500000000000014,6.697430999999999,GOOD
B0005,102,3.8253,4.193,2.8988,2.0176,2.154,28.91,32.95,3082.3,3685.4,1.7532,87.66,1.2941999999999996,4.040000000000003,6.70651596,GOOD
B0005,103,3.8172,4.188,2.9659,2.0326,2.2093,28.66,32.07,3081.0,3650.5,1.7494,87.47,1.2220999999999997,3.41,6.67780968,GOOD
B0005,104,3.7902,4.1929,2.9481,1.9851,2.2149,26.35,32.69,3219.0,3643.8,1.7473,87.37,1.2447999999999997,6.339999999999996,6.622616460000001,GOOD
B0005,105,3.8236,4.192,2.8761,1.9578,2.1496,26.53,31.2,3168.8,3637.7,1.7452,87.26,1.3159,4.669999999999998,6.6729467200000006,GOOD
B0005,106,3.8129,4.1889,2.9253,2.0192,2.1809,28.35,32.48,3201.3,3666.9,1.7433,87.17,1.2636000000000003,4.1299999999999955,6.64702857,GOOD
B0005,107,3.8134,4.1889,2.9069,2.0755,2.1992,28.15,32.88,2976.1,3591.5,1.7379,86.89,1.2820000000000005,4.730000000000004,6.62730786,GOOD
B0005,108,3.8049,4.1929,2.8993,2.0828,2.1038,26.59,33.22,2918.9,3669.1,1.734,86.7,1.2935999999999996,6.629999999999999,6.5976966,GOOD
B0005,109,3.7954,4.1881,2.8958,2.0771,2.2041,27.18,32.09,2961.8,3697.4,1.7318,86.59,1.2923000000000004,4.910000000000004,6.57287372,GOOD
B0005,110,3.8016,4.1891,2.9101,1.9191,2.1964,27.14,31.09,3237.4,3694.8,1.7282,86.41,1.279,3.9499999999999993,6.56992512,GOOD
B0005,111,3.7763,4.1845,2.9197,2.1095,2.1122,26.74,30.37,2897.4,3703.7,1.7266,86.33,1.2647999999999997,3.6300000000000026,6.52015958,GOOD
B0005,112,3.8079,4.1865,2.9462,2.0087,2.1827,27.39,31.96,3049.8,3681.2,1.7224,86.12,1.2402999999999995,4.57,6.5587269599999996,GOOD
B0005,113,3.7914,4.1843,2.9419,2.0986,2.1436,27.88,32.36,2954.7,3589.5,1.7198,85.99,1.2424000000000004,4.48,6.520449719999999,GOOD
B0005,114,3.7731,4.1849,2.9189,2.03,2.1257,27.48,31.4,3041.7,3655.9,1.7169,85.85,1.266,3.919999999999998,6.4780353900000005,GOOD
B0005,115,3.7962,4.1904,2.9181,2.0099,2.1422,28.02,32.78,3094.7,3730.1,1.7138,85.69,1.2723000000000004,4.760000000000002,6.50592756,GOOD
B0005,116,3.797,4.1803,2.9258,1.9833,2.1562,27.42,31.73,3145.3,3685.8,1.7126,85.63,1.2544999999999997,4.309999999999999,6.5027422,GOOD
B0005,117,3.8147,4.1922,2.8986,1.9265,2.123,26.85,33.26,3236.2,3722.0,1.7103,85.52,1.2935999999999996,6.409999999999997,6.52428141,GOOD
B0005,118,3.8189,4.1993,2.9278,1.8924,2.203,27.98,31.9,3267.2,3617.0,1.7103,85.52,1.2715,3.919999999999998,6.53146467,GOOD
B0005,119,3.8267,4.1912,2.906,2.0045,2.1146,27.86,30.53,3098.1,3572.1,1.7079,85.4,1.2852000000000001,2.6700000000000017,6.53562093,GOOD
B0005,120,3.8167,4.1866,2.9292,2.0065,2.1614,27.03,31.72,3022.7,3656.2,1.7081,85.4,1.2574000000000005,4.689999999999998,6.519305269999999,GOOD
B0005,121,3.7849,4.1981,2.9088,2.0029,2.1731,27.36,32.4,3043.4,3722.8,1.7052,85.26,1.2893000000000003,5.039999999999999,6.45401148,GOOD
B0005,122,3.8021,4.1894,2.9103,1.9709,2.1231,27.6,32.8,3108.3,3692.8,1.7041,85.2,1.2791000000000001,5.199999999999996,6.47915861,GOOD
B0005,123,3.7666,4.1889,2.9466,2.0663,2.1627,27.23,32.78,2985.9,3651.4,1.7011,85.05,1.2423000000000002,5.550000000000001,6.40736326,GOOD
B0005,124,3.823,4.1833,2.8796,2.0346,2.1637,28.92,32.91,2987.9,3679.3,1.6983,84.91,1.3037,3.989999999999995,6.492600899999999,GOOD
B0005,125,3.7962,4.19,2.8928,2.1234,2.0932,27.69,31.44,2856.5,3636.8,1.6972,84.86,1.2972000000000006,3.75,6.44291064,GOOD
B0005,126,3.8109,4.1847,2.9025,1.9783,2.1293,29.49,33.33,3031.0,3584.0,1.6964,84.82,1.2822000000000005,3.84,6.46481076,GOOD
B0005,127,3.7914,4.1791,2.9193,2.0085,2.1575,28.82,31.14,2985.0,3726.7,1.6927,84.64,1.2598000000000003,2.3200000000000003,6.41770278,GOOD
B0005,128,3.7805,4.1821,2.9392,2.0247,2.179,28.36,31.88,3027.4,3601.7,1.692,84.6,1.2429000000000001,3.5199999999999996,6.396605999999999,GOOD
B0005,129,3.8094,4.1803,2.893,1.9928,2.1341,26.66,31.89,3029.8,3671.0,1.6909,84.54,1.2873,5.23,6.44131446,GOOD
B0005,130,3.8037,4.1836,2.9065,1.9222,2.0953,26.38,32.05,3139.3,3696.6,1.6883,84.41,1.2771000000000003,5.669999999999998,6.42178671,GOOD
B0005,131,3.8017,4.191,2.8815,2.0149,2.1801,27.28,32.61,2993.0,3618.5,1.6866,84.33,1.3094999999999999,5.329999999999998,6.41194722,GOOD
B0005,132,3.7793,4.1871,2.8622,1.9725,2.1744,28.66,32.09,3127.8,3741.7,1.686,84.3,1.3249,3.4300000000000033,6.3718998,GOOD
B0005,133,3.7598,4.1911,2.8477,2.0738,2.1825,29.74,32.92,2911.6,3648.5,1.6835,84.17,1.3433999999999995,3.1800000000000033,6.3296233,GOOD
B0005,134,3.8111,4.1902,2.8952,1.9639,2.2289,29.08,31.09,3067.2,3704.3,1.6817,84.08,1.295,2.0100000000000016,6.409126870000001,GOOD
B0005,135,3.8013,4.1913,2.8242,1.9946,2.1479,28.05,33.03,3052.2,3673.2,1.6802,84.01,1.3671000000000002,4.98,6.38694426,GOOD
B0005,136,3.8051,4.1866,2.8866,1.9344,2.1031,27.34,33.04,3120.7,3608.8,1.6781,83.91,1.3000000000000003,5.699999999999999,6.38533831,GOOD
B0005,137,3.8158,4.1833,2.8556,1.9645,2.1756,28.86,31.87,3114.9,3722.4,1.6749,83.74,1.3277,3.0100000000000016,6.39108342,GOOD
B0005,138,3.7837,4.1832,2.8795,2.0475,2.1628,29.15,33.5,2993.4,3626.6,1.6733,83.66,1.3037,4.350000000000001,6.33126521,GOOD
B0005,139,3.7618,4.1795,2.8873,2.0209,2.1469,28.02,32.48,3016.5,3654.1,1.6703,83.52,1.2921999999999998,4.459999999999997,6.283334539999999,GOOD
B0005,140,3.8059,4.1883,2.8641,2.0468,2.1352,27.54,33.41,2888.1,3639.5,1.6657,83.29,1.3241999999999998,5.869999999999997,6.33948763,GOOD
B0005,141,3.8269,4.1825,2.878,2.0366,2.1129,28.88,34.14,2930.8,3711.5,1.6632,83.16,1.3045,5.260000000000002,6.36490008,GOOD
B0005,142,3.7822,4.1848,2.8788,1.9956,2.1546,29.02,33.48,2922.3,3667.1,1.6604,83.02,1.306,4.459999999999997,6.2799648800000005,GOOD
B0005,143,3.7887,4.1851,2.9051,1.9985,2.1578,29.21,34.23,2985.9,3675.3,1.6597,82.98,1.2800000000000002,5.019999999999996,6.28810539,GOOD
B0005,144,3.7843,4.1818,2.8394,1.9462,2.0966,29.6,33.23,3061.5,3643.3,1.6571,82.86,1.3424,3.6299999999999955,6.27096353,GOOD
B0005,145,3.7793,4.1864,2.8889,1.9569,2.1236,29.39,33.02,3020.4,3657.7,1.6546,82.73,1.2974999999999999,3.6300000000000026,6.253229780000001,GOOD
B0005,146,3.7906,4.1896,2.8826,2.1182,2.1626,28.83,32.2,2802.6,3641.8,1.6532,82.66,1.3070000000000004,3.3700000000000045,6.26661992,GOOD
B0005,147,3.8058,4.1827,2.8672,2.0105,2.1654,28.42,33.14,2982.8,3659.1,1.6533,82.67,1.3154999999999997,4.719999999999999,6.29212914,GOOD
B0005,148,3.7659,4.179,2.8937,1.9353,2.157,28.58,32.82,3045.2,3710.4,1.6504,82.52,1.2853000000000003,4.240000000000002,6.21524136,GOOD
B0005,149,3.7949,4.1867,2.8672,1.9402,2.1488,27.95,31.44,3077.8,3708.6,1.6458,82.29,1.3195000000000001,3.490000000000002,6.24564642,GOOD
B0005,150,3.7937,4.1858,2.8629,1.9911,2.1805,28.91,32.04,2995.2,3705.8,1.6467,82.34,1.3229000000000006,3.129999999999999,6.24708579,GOOD
B0005,151,3.7988,4.1861,2.8753,1.9353,2.1823,29.38,33.87,3105.6,3713.3,1.6446,82.23,1.3107999999999995,4.489999999999998,6.24750648,GOOD
B0005,152,3.756,4.1908,2.8801,2.0156,2.1596,29.42,34.44,2950.3,3695.0,1.6412,82.06,1.3107000000000002,5.019999999999996,6.1643472,GOOD
B0005,153,3.7385,4.1833,2.8588,2.0605,2.1686,28.46,33.0,2850.6,3660.0,1.6384,81.92,1.3245,4.539999999999999,6.1251584,GOOD
B0005,154,3.7635,4.1847,2.8983,1.9731,2.1591,29.44,32.4,2987.1,3650.3,1.6375,81.88,1.2864000000000004,2.9599999999999973,6.16273125,GOOD
B0005,155,3.8114,4.1795,2.8837,2.0534,2.1754,28.94,34.73,2835.9,3665.4,1.633,81.65,1.2957999999999998,5.789999999999996,6.224016199999999,GOOD
B0005,156,3.7993,4.1815,2.8718,2.0309,2.1709,28.17,34.52,2905.7,3634.7,1.6315,81.57,1.3096999999999999,6.350000000000001,6.19855795,GOOD
B0005,157,3.787,4.1886,2.8919,2.0178,2.1515,29.33,32.64,2959.6,3745.5,1.6305,81.53,1.2967,3.3100000000000023,6.1747035,GOOD
B0005,158,3.7898,4.1821,2.8842,1.9654,2.0833,26.78,32.73,2985.6,3692.3,1.6274,81.37,1.2979000000000003,5.949999999999996,6.16752052,GOOD
B0005,159,3.7885,4.1827,2.8528,1.9973,2.1744,28.21,32.61,2897.6,3602.0,1.6254,81.27,1.3298999999999999,4.399999999999999,6.1578279,GOOD
B0005,160,3.7967,4.1849,2.8686,2.0065,2.1353,27.44,34.38,2944.7,3650.9,1.6234,81.17,1.3163,6.940000000000001,6.1635627799999995,GOOD
B0005,161,3.782,4.1857,2.905,2.058,2.1387,29.46,34.89,2847.7,3680.3,1.6209,81.05,1.2807,5.43,6.1302438,GOOD
B0005,162,3.7747,4.181,2.8491,2.0154,2.1461,28.39,33.51,2903.9,3757.6,1.6178,80.89,1.3319,5.119999999999997,6.10670966,GOOD
B0005,163,3.7505,4.1849,2.8982,1.9331,2.1665,28.89,34.86,3017.8,3646.1,1.614,80.7,1.2866999999999997,5.969999999999999,6.053307,GOOD
B0005,164,3.7823,4.183,2.8912,1.9579,2.1801,28.86,33.96,2965.4,3681.1,1.6116,80.58,1.2917999999999998,5.100000000000001,6.09555468,GOOD
B0005,165,3.8059,4.1877,2.8607,2.0791,2.1582,29.41,32.94,2771.0,3655.0,1.609,80.45,1.3270000000000004,3.5299999999999976,6.1236931,GOOD
B0005,166,3.7932,4.1852,2.899,1.9556,2.1534,28.12,32.89,2994.8,3664.5,1.6062,80.31,1.2862,4.77,6.09263784,GOOD
B0005,167,3.7513,4.1792,2.8623,1.9321,2.1421,30.19,33.14,2961.4,3638.5,1.6046,80.23,1.3169,2.9499999999999993,6.01933598,GOOD
B0005,168,3.7908,4.1834,2.8847,2.101,2.0951,29.5,32.76,2770.9,3673.1,1.6033,80.17,1.2986999999999997,3.259999999999998,6.07778964,GOOD
B0005,169,3.7632,4.181,2.8666,2.0678,2.1262,28.78,34.86,2760.9,3730.2,1.6006,80.03,1.3144,6.079999999999998,6.02337792,GOOD
B0005,170,3.7865,4.1848,2.8517,2.0195,2.1268,28.85,34.51,2857.4,3682.0,1.598,79.9,1.3331,5.659999999999997,6.050827000000001,WARNING
B0005,171,3.7665,4.1843,2.8778,1.9445,2.1248,29.38,34.1,2907.6,3692.0,1.5968,79.84,1.3065000000000002,4.720000000000002,6.0143472000000004,WARNING
B0005,172,3.8058,4.184,2.8708,2.0224,2.1136,30.86,32.4,2862.9,3710.7,1.5949,79.75,1.3132000000000001,1.5399999999999991,6.06987042,WARNING
B0005,173,3.7908,4.1811,2.8481,2.0235,2.1198,29.15,33.46,2823.7,3703.8,1.5928,79.64,1.3329999999999997,4.310000000000002,6.0379862399999995,WARNING
B0005,174,3.7775,4.1801,2.8897,2.0171,2.1566,29.9,33.5,2865.0,3700.8,1.5909,79.54,1.2904000000000004,3.6000000000000014,6.0096247499999995,WARNING
B0005,175,3.7586,4.1796,2.8336,1.9881,2.1196,29.3,35.54,2877.7,3675.4,1.59,79.5,1.3459999999999996,6.239999999999998,5.976174,WARNING
B0005,176,3.7692,4.1866,2.8691,2.0019,2.1546,31.03,35.1,2919.7,3709.3,1.5869,79.35,1.3175000000000003,4.07,5.9813434800000005,WARNING
B0005,177,3.7753,4.1738,2.869,2.0373,2.1234,28.9,34.34,2766.6,3637.6,1.586,79.3,1.3047999999999997,5.440000000000005,5.987625800000001,WARNING
B0005,178,3.7805,4.1794,2.8238,2.0426,2.1295,30.94,35.09,2763.6,3660.4,1.5818,79.09,1.3556000000000004,4.150000000000002,5.9799949,WARNING
B0005,179,3.7771,4.1795,2.8574,1.9741,2.1572,29.41,35.14,2864.3,3654.1,1.577,78.85,1.3220999999999998,5.73,5.956486699999999,WARNING
B0005,180,3.7727,4.1892,2.8506,2.0701,2.1833,29.21,33.8,2720.1,3652.8,1.5796,78.98,1.3385999999999996,4.589999999999996,5.959356919999999,WARNING
B0005,181,3.7773,4.1788,2.8242,2.0053,2.1359,29.37,34.64,2755.1,3629.2,1.5765,78.82,1.3546,5.27,5.95491345,WARNING
B0005,182,3.7696,4.1692,2.8254,2.1242,2.1289,30.48,34.49,2647.9,3722.0,1.571,78.55,1.3437999999999999,4.010000000000002,5.9220416,WARNING
B0005,183,3.7552,4.1792,2.8267,1.971,2.1756,29.68,35.74,2875.6,3731.2,1.5712,78.56,1.3524999999999996,6.060000000000002,5.90017024,WARNING
B0005,184,3.7675,4.189,2.8386,2.0172,2.1731,30.27,33.27,2830.8,3652.8,1.5685,78.43,1.3504,3.0000000000000036,5.90932375,WARNING
B0005,185,3.784,4.1856,2.8279,2.0294,2.1826,29.78,33.66,2803.5,3697.1,1.5648,78.24,1.3577,3.8799999999999955,5.9212032,WARNING
B0005,186,3.7622,4.1788,2.8813,2.0665,2.1898,29.84,35.42,2690.6,3693.3,1.5641,78.2,1.2974999999999999,5.580000000000002,5.88445702,WARNING
B0005,187,3.7591,4.1823,2.8841,2.0279,2.1775,27.71,36.1,2765.2,3662.8,1.5608,78.04,1.2981999999999996,8.39,5.86720328,WARNING
B0005,188,3.7525,4.1864,2.8429,1.9631,2.145,30.59,34.71,2815.4,3712.6,1.5583,77.91,1.3434999999999997,4.120000000000001,5.84752075,WARNING
B0005,189,3.7421,4.1886,2.8579,1.9961,2.1396,30.84,37.7,2820.9,3653.3,1.5567,77.83,1.3307000000000002,6.860000000000003,5.82532707,WARNING
B0005,190,3.7805,4.1693,2.8547,2.0218,2.1898,30.73,34.76,2812.7,3776.4,1.5541,77.7,1.3146,4.029999999999998,5.87527505,WARNING
B0005,191,3.7799,4.1721,2.8182,1.9581,2.1367,28.9,34.65,2839.7,3738.3,1.5513,77.57,1.3539000000000003,5.75,5.86375887,WARNING
B0005,192,3.7389,4.1814,2.8461,1.9569,2.1528,28.94,35.05,2928.8,3623.8,1.5491,77.46,1.3353000000000002,6.109999999999996,5.79192999,WARNING
B0005,193,3.7627,4.1785,2.866,2.0271,2.1755,29.85,33.43,2713.9,3726.4,1.547,77.35,1.3124999999999996,3.5799999999999983,5.8208969,WARNING
B0005,194,3.7913,4.1821,2.8211,1.9739,2.1669,30.42,35.65,2784.5,3649.0,1.544,77.2,1.3610000000000002,5.229999999999997,5.8537672,WARNING
B0005,195,3.7936,4.177,2.8531,2.0228,2.1728,31.21,36.39,2725.5,3613.6,1.5415,77.07,1.3238999999999996,5.18,5.847834400000001,WARNING
B0005,196,3.7727,4.1786,2.8826,2.0009,2.1696,30.07,34.51,2712.1,3694.9,1.5395,76.97,1.2960000000000003,4.439999999999998,5.8080716500000005,WARNING
B0005,197,3.7525,4.1712,2.8811,2.0371,2.1556,31.02,34.06,2705.6,3736.7,1.5328,76.64,1.2900999999999998,3.0400000000000027,5.751831999999999,WARNING
B0005,198,3.7533,4.1866,2.8492,2.0082,2.1498,28.84,35.89,2714.8,3655.8,1.5275,76.37,1.3374000000000001,7.050000000000001,5.73316575,WARNING
B0005,199,3.7822,4.1805,2.8624,2.0713,2.1892,29.55,35.98,2654.5,3768.5,1.5236,76.18,1.3181000000000003,6.429999999999996,5.76255992,WARNING
B0005,200,3.7647,4.1769,2.8438,2.0233,2.1646,30.28,35.67,2699.5,3665.1,1.521,76.05,1.3331,5.390000000000001,5.726108699999999,WARNING
B0005,201,3.7842,4.1823,2.8021,2.0548,2.2064,29.45,35.37,2647.6,3725.6,1.5193,75.97,1.3801999999999999,5.919999999999998,5.74933506,WARNING
B0005,202,3.7681,4.1847,2.8631,2.0213,2.1398,28.78,34.31,2689.3,3673.1,1.5179,75.89,1.3216,5.530000000000001,5.71959899,WARNING
B0005,203,3.7637,4.1806,2.8617,1.9797,2.1085,29.51,35.69,2775.3,3717.7,1.515,75.75,1.3189000000000002,6.179999999999996,5.702005499999999,WARNING
B0005,204,3.7656,4.1899,2.8532,1.8738,2.204,29.49,34.11,2918.0,3632.5,1.5106,75.53,1.3366999999999996,4.620000000000001,5.68831536,WARNING
B0005,205,3.7914,4.1823,2.8522,1.9672,2.1038,30.69,36.11,2787.4,3710.9,1.5086,75.43,1.3300999999999998,5.419999999999998,5.719706039999999,WARNING
B0005,206,3.8042,4.1818,2.8317,1.9915,2.1545,31.01,35.4,2749.9,3709.1,1.507,75.35,1.3500999999999999,4.389999999999997,5.7329294,WARNING
B0005,207,3.7768,4.1823,2.831,1.9625,2.1603,30.24,34.69,2734.2,3719.9,1.5043,75.21,1.3512999999999997,4.449999999999999,5.68144024,WARNING
B0005,208,3.7614,4.1763,2.817,2.0191,2.1259,31.99,34.87,2603.1,3702.8,1.5008,75.04,1.3593000000000002,2.879999999999999,5.64510912,WARNING
B0005,209,3.7831,4.1805,2.8161,1.9857,2.1598,28.49,36.65,2690.9,3761.2,1.498,74.9,1.3644000000000003,8.16,5.6670838,WARNING
B0005,210,3.7754,4.1822,2.8471,1.9951,2.137,30.36,35.01,2778.2,3665.3,1.4986,74.93,1.3350999999999997,4.649999999999999,5.657814439999999,WARNING
B0005,211,3.7734,4.18,2.8608,2.0149,2.131,30.51,35.2,2685.4,3738.0,1.4946,74.73,1.3192,4.690000000000001,5.63972364,WARNING
B0005,212,3.7831,4.1775,2.8393,2.0309,2.161,30.21,34.93,2638.0,3768.6,1.4927,74.64,1.3382,4.719999999999999,5.64703337,WARNING
B0005,213,3.754,4.1749,2.8323,1.9238,2.1094,30.12,34.17,2753.8,3655.3,1.4909,74.55,1.3426,4.050000000000001,5.5968386,WARNING
B0005,214,3.7754,4.1834,2.8672,2.0941,2.1736,31.17,35.62,2575.5,3784.7,1.4891,74.45,1.3161999999999998,4.449999999999996,5.62194814,WARNING
B0005,215,3.7813,4.1738,2.8147,2.0156,2.1545,29.88,37.93,2658.8,3689.8,1.4857,74.29,1.3590999999999998,8.05,5.61787741,WARNING
B0005,216,3.764,4.1793,2.7953,2.0646,2.1905,31.58,35.89,2605.2,3673.4,1.4827,74.13,1.3839999999999995,4.310000000000002,5.5808827999999995,WARNING
B0005,217,3.767,4.176,2.8437,2.0452,2.1518,30.78,34.56,2640.3,3672.5,1.4788,73.94,1.3323,3.780000000000001,5.5706396,WARNING
B0005,218,3.7637,4.1838,2.8479,1.9998,2.1732,29.1,34.91,2637.5,3759.1,1.4768,73.84,1.3358999999999996,5.809999999999995,5.558232159999999,WARNING
B0005,219,3.7652,4.1795,2.8562,1.9915,2.1106,31.34,35.85,2691.5,3707.7,1.4731,73.65,1.3233000000000001,4.510000000000002,5.546516120000001,WARNING
B0005,220,3.768,4.1781,2.8277,2.0808,2.117,30.73,34.88,2467.6,3708.0,1.4712,73.56,1.3503999999999996,4.150000000000002,5.5434816,WARNING
B0005,221,3.771,4.1768,2.7934,1.9589,2.1895,29.86,37.32,2729.8,3697.8,1.4682,73.41,1.3834,7.460000000000001,5.5365822,WARNING
B0005,222,3.7769,4.1766,2.7915,2.0281,2.1625,31.46,36.12,2586.1,3761.8,1.4662,73.31,1.3850999999999996,4.659999999999997,5.537690779999999,WARNING
B0005,223,3.7643,4.178,2.7951,1.9696,2.1728,30.13,34.35,2776.5,3653.0,1.4617,73.08,1.3828999999999998,4.220000000000002,5.50227731,WARNING
B0005,224,3.7558,4.1772,2.8074,2.0391,2.1068,29.13,37.45,2546.5,3741.8,1.456,72.8,1.3698000000000001,8.320000000000004,5.468444799999999,WARNING
B0005,225,3.7706,4.1859,2.8095,1.9033,2.2007,31.37,35.4,2744.4,3668.1,1.4544,72.72,1.3764000000000003,4.029999999999998,5.483960639999999,WARNING
B0005,226,3.7516,4.1703,2.8235,1.957,2.1191,30.31,36.0,2625.5,3768.4,1.4498,72.49,1.3468,5.690000000000001,5.439069679999999,WARNING
B0005,227,3.7537,4.1728,2.8166,2.045,2.1723,31.52,35.46,2457.8,3763.4,1.446,72.3,1.3561999999999994,3.9400000000000013,5.4278502,WARNING
B0005,228,3.7688,4.1855,2.8663,1.9675,2.154,31.79,35.14,2623.4,3690.5,1.4433,72.16,1.3192000000000004,3.3500000000000014,5.43950904,WARNING
B0005,229,3.7551,4.1741,2.7975,2.0406,2.1901,31.91,35.53,2566.7,3724.0,1.4404,72.02,1.3766000000000003,3.620000000000001,5.408846039999999,WARNING
B0005,230,3.769,4.1739,2.8085,1.9312,2.1361,30.95,37.62,2670.2,3673.5,1.4381,71.91,1.3653999999999997,6.669999999999998,5.4201989,WARNING
B0005,231,3.75,4.1682,2.8179,1.9838,2.219,31.16,35.94,2573.4,3728.7,1.4334,71.67,1.3502999999999998,4.779999999999998,5.37525,WARNING
B0005,232,3.7619,4.1726,2.8252,1.9976,2.1635,30.52,35.74,2562.1,3753.7,1.4286,71.43,1.3474,5.220000000000002,5.37425034,WARNING
B0005,233,3.7499,4.172,2.8227,2.0156,2.1365,30.26,38.03,2490.7,3736.2,1.4261,71.31,1.3492999999999995,7.77,5.347732389999999,WARNING
B0005,234,3.7056,4.1806,2.8084,2.0128,2.1403,31.71,36.55,2546.6,3681.0,1.4216,71.08,1.3722000000000003,4.839999999999996,5.26788096,WARNING
B0005,235,3.7561,4.1879,2.8506,1.9111,2.1304,30.05,36.18,2673.7,3726.7,1.4164,70.82,1.3373,6.129999999999999,5.32014004,WARNING
B0005,236,3.778,4.1812,2.8,1.9609,2.1501,31.24,36.08,2552.1,3745.3,1.4121,70.61,1.3811999999999998,4.84,5.3349138,WARNING
B0005,237,3.7489,4.176,2.8056,1.9817,2.1116,30.84,37.0,2568.7,3756.4,1.4096,70.48,1.3704,6.16,5.2844494399999995,WARNING
B0005,238,3.7356,4.175,2.7973,1.9745,2.1564,30.55,35.08,2549.4,3732.6,1.4075,70.37,1.3777,4.529999999999998,5.257857,WARNING
B0005,239,3.7643,4.1782,2.8054,2.0202,2.1487,31.07,35.43,2502.7,3734.6,1.4037,70.18,1.3728000000000002,4.359999999999999,5.28394791,WARNING
B0005,240,3.7347,4.172,2.8087,2.0195,2.2236,31.59,37.76,2557.0,3739.6,1.4029,70.14,1.3632999999999997,6.169999999999998,5.23941063,WARNING
B0005,241,3.7376,4.1753,2.7927,1.9799,2.2061,31.12,35.56,2586.0,3758.7,1.3995,69.98,1.3826,4.440000000000001,5.2307711999999995,WARNING
B0005,242,3.7231,4.1855,2.7952,2.0389,2.2257,32.77,35.49,2420.3,3778.2,1.3953,69.77,1.3903000000000003,2.719999999999999,5.19484143,WARNING
B0005,243,3.7453,4.1788,2.8023,2.0351,2.152,31.65,35.61,2505.4,3749.4,1.3921,69.61,1.3765,3.960000000000001,5.213832129999999,WARNING
B0005,244,3.7356,4.1841,2.8045,2.0364,2.1403,31.31,36.84,2369.8,3745.3,1.3883,69.42,1.3796,5.530000000000005,5.18613348,WARNING
B0005,245,3.7601,4.1707,2.817,2.053,2.1654,31.07,36.33,2417.7,3750.4,1.383,69.15,1.3537,5.259999999999998,5.2002183,WARNING
B0005,246,3.746,4.1834,2.8359,1.9261,2.1161,30.93,37.5,2527.5,3720.8,1.3816,69.08,1.3474999999999997,6.57,5.1754736,WARNING
B0005,247,3.7711,4.1669,2.8043,1.9803,2.1941,31.65,36.06,2532.8,3707.9,1.3792,68.96,1.3626,4.410000000000004,5.20110112,WARNING
B0005,248,3.7472,4.1805,2.8103,2.163,2.1484,31.51,36.2,2288.4,3615.9,1.3749,68.75,1.3702000000000005,4.690000000000001,5.15202528,WARNING
B0005,249,3.7705,4.1771,2.7745,1.9599,2.0771,32.01,35.71,2518.0,3718.4,1.3713,68.57,1.4026,3.700000000000003,5.17048665,WARNING
B0005,250,3.7513,4.179,2.8109,2.068,2.1428,32.75,34.76,2404.5,3690.3,1.3665,68.32,1.3681,2.009999999999998,5.12615145,WARNING
B0005,251,3.7581,4.1777,2.8113,1.9307,2.1935,30.55,36.02,2562.5,3714.0,1.364,68.2,1.3663999999999996,5.470000000000002,5.126048400000001,WARNING
B0005,252,3.7169,4.1762,2.8028,1.9745,2.0878,31.13,36.78,2469.7,3652.6,1.3606,68.03,1.3733999999999997,5.650000000000002,5.05721414,WARNING
B0005,253,3.7392,4.1736,2.7494,2.0797,2.136,31.4,37.98,2326.3,3765.0,1.3556,67.78,1.4242000000000004,6.579999999999998,5.068859519999999,WARNING
B0005,254,3.7567,4.1825,2.7852,2.0559,2.205,31.15,36.55,2345.8,3706.6,1.355,67.75,1.3973,5.399999999999999,5.0903285,WARNING
B0005,255,3.7345,4.1805,2.7802,2.0129,2.1511,32.57,36.42,2431.1,3759.1,1.3529,67.65,1.4003000000000005,3.8500000000000014,5.05240505,WARNING
B0005,256,3.7398,4.1713,2.774,2.1118,2.1915,31.37,38.89,2295.0,3757.0,1.348,67.4,1.3972999999999995,7.52,5.0412504,WARNING
B0005,257,3.7532,4.1758,2.7859,2.0546,2.1715,32.25,37.32,2329.4,3796.9,1.3449,67.25,1.3899,5.07,5.04767868,WARNING
B0005,258,3.7523,4.1774,2.8007,2.0458,2.1822,31.27,38.66,2353.8,3742.5,1.3422,67.11,1.3766999999999996,7.389999999999997,5.03633706,WARNING
B0005,259,3.7363,4.1793,2.8552,1.9819,2.1865,31.21,37.05,2485.9,3686.6,1.3395,66.98,1.3240999999999996,5.839999999999996,5.004773849999999,WARNING
B0005,260,3.7447,4.1773,2.8013,2.018,2.151,32.13,34.19,2364.5,3726.3,1.338,66.9,1.376,2.059999999999995,5.0104086,WARNING
B0005,261,3.7679,4.1695,2.8203,1.9774,2.1461,31.99,36.93,2462.1,3714.3,1.3341,66.7,1.3492000000000002,4.940000000000001,5.02675539,WARNING
B0005,262,3.761,4.17,2.7954,1.917,2.2046,32.52,39.92,2540.5,3685.8,1.3315,66.57,1.3746,7.399999999999999,5.0077715,WARNING
B0005,263,3.731,4.1816,2.7676,1.9425,2.1017,31.18,36.52,2422.5,3811.1,1.3275,66.38,1.4140000000000006,5.340000000000003,4.9529024999999995,WARNING
B0005,264,3.7506,4.1815,2.7939,1.9626,2.099,30.96,38.75,2390.6,3746.1,1.3238,66.19,1.3876,7.789999999999999,4.96504428,WARNING
B0005,265,3.7483,4.1755,2.8011,2.019,2.1983,30.79,37.52,2298.1,3649.6,1.3194,65.97,1.3744000000000005,6.730000000000004,4.94550702,WARNING
B0005,266,3.7518,4.1816,2.8356,2.066,2.1718,31.78,35.78,2289.4,3784.6,1.3164,65.82,1.3460000000000005,4.0,4.93886952,WARNING
B0005,267,3.7239,4.1764,2.797,2.0175,2.1492,32.21,38.04,2322.2,3751.7,1.3122,65.61,1.3794,5.829999999999998,4.88650158,WARNING
B0005,268,3.7205,4.1704,2.7543,2.049,2.1607,31.42,38.8,2302.4,3676.8,1.3093,65.46,1.4160999999999997,7.3799999999999955,4.8712506499999995,WARNING
B0005,269,3.7669,4.1698,2.7903,2.0372,2.1677,33.68,36.24,2276.7,3688.1,1.3066,65.33,1.3795000000000006,2.5600000000000023,4.92183154,WARNING
B0005,270,3.7585,4.1718,2.7734,2.012,2.1645,31.13,37.05,2330.4,3735.2,1.3059,65.29,1.3984,5.919999999999998,4.908225150000001,WARNING
B0005,271,3.7515,4.1646,2.7537,2.0097,2.1319,32.48,38.65,2340.9,3692.6,1.3029,65.14,1.4109000000000003,6.170000000000002,4.88782935,WARNING
B0005,272,3.7442,4.1654,2.7544,2.0758,2.1905,29.79,36.16,2286.1,3735.3,1.2985,64.92,1.411,6.369999999999997,4.8618437000000005,WARNING
B0005,273,3.7399,4.176,2.7817,1.9781,2.1818,31.99,38.21,2360.5,3717.0,1.2945,64.72,1.3943000000000003,6.220000000000002,4.84130055,WARNING
B0005,274,3.7457,4.1708,2.8064,1.934,2.2171,31.71,36.32,2457.2,3718.5,1.2894,64.47,1.3643999999999998,4.609999999999999,4.82970558,WARNING
B0005,275,3.7508,4.1784,2.786,1.9676,2.1566,31.54,37.87,2401.6,3767.7,1.2859,64.29,1.3923999999999999,6.329999999999998,4.82315372,WARNING
B0005,276,3.7507,4.1765,2.7576,2.0021,2.2269,32.87,37.16,2287.9,3712.5,1.2825,64.12,1.4188999999999998,4.289999999999999,4.81027275,WARNING
B0005,277,3.7633,4.1752,2.7815,1.9778,2.1599,31.27,35.76,2375.8,3698.3,1.2782,63.91,1.3937000000000004,4.489999999999998,4.81025006,WARNING
B0005,278,3.7486,4.1794,2.7827,1.9403,2.141,31.41,37.69,2403.4,3637.5,1.2754,63.77,1.3967,6.279999999999998,4.780964440000001,WARNING
B0006,1,3.8423,4.1936,3.0109,1.9293,2.111,25.71,29.54,3798.0,3551.8,2.0366,101.83,1.1827,3.8299999999999983,7.82522818,GOOD
B0006,2,3.8643,4.2004,2.9964,2.0157,2.1489,26.29,27.32,3609.7,3545.7,2.0357,101.78,1.2040000000000002,1.0300000000000011,7.8665555099999995,GOOD
B0006,3,3.8324,4.2008,2.998,1.946,2.1677,26.29,28.46,3687.4,3681.0,2.0345,101.73,1.2027999999999999,2.1700000000000017,7.7970178,GOOD
B0006,4,3.8777,4.2051,3.0226,2.0103,2.1421,25.4,27.43,3651.5,3496.9,2.0318,101.59,1.1824999999999997,2.030000000000001,7.87871086,GOOD
B0006,5,3.8682,4.2,3.0305,1.9868,2.1801,24.42,29.14,3685.1,3593.7,2.0299,101.5,1.1695000000000002,4.719999999999999,7.8520591799999995,GOOD
B0006,6,3.8438,4.2005,3.0118,2.078,2.2111,26.15,27.65,3509.7,3632.6,2.0312,101.56,1.1886999999999999,1.5,7.80752656,GOOD
B0006,7,3.8716,4.2117,3.0397,2.0747,2.1658,26.25,29.91,3515.8,3582.2,2.0287,101.44,1.1720000000000006,3.66,7.85431492,GOOD
B0006,8,3.8337,4.1923,2.9986,1.95,2.1265,25.76,28.46,3756.5,3658.6,2.0278,101.39,1.1937000000000002,2.6999999999999993,7.77397686,GOOD
B0006,9,3.8692,4.1995,3.025,2.018,2.1551,26.39,27.44,3673.0,3593.2,2.0249,101.25,1.1744999999999997,1.0500000000000007,7.834743080000001,GOOD
B0006,10,3.8558,4.1971,3.0325,1.9784,2.1594,24.11,29.16,3660.6,3632.7,2.0245,101.23,1.1645999999999996,5.050000000000001,7.806067100000001,GOOD
B0006,11,3.8149,4.1996,2.9929,2.0441,2.1967,26.8,29.25,3571.5,3548.4,2.0232,101.16,1.2067,2.4499999999999993,7.718305680000001,GOOD
B0006,12,3.8484,4.1978,3.0031,2.0561,2.1254,24.63,28.28,3520.2,3540.3,2.0211,101.05,1.1947,3.650000000000002,7.77800124,GOOD
B0006,13,3.8263,4.2047,3.0237,1.9452,2.1664,26.02,26.96,3744.0,3707.8,2.0204,101.02,1.181,0.9400000000000013,7.730656519999999,GOOD
B0006,14,3.8407,4.1958,2.9484,2.0235,2.2084,24.7,26.55,3569.8,3642.3,2.0177,100.89,1.2474000000000003,1.8500000000000014,7.74938039,GOOD
B0006,15,3.8317,4.1986,2.9926,1.9306,2.1435,24.98,27.88,3729.4,3645.2,2.0164,100.82,1.206,2.8999999999999986,7.7262398800000005,GOOD
B0006,16,3.8137,4.1997,3.0017,1.9602,2.1332,24.88,28.21,3734.3,3603.4,2.0153,100.76,1.198,3.330000000000002,7.685749609999999,GOOD
B0006,17,3.8287,4.1964,3.0055,1.9597,2.1804,24.92,28.27,3746.8,3591.1,2.0124,100.62,1.1908999999999996,3.349999999999998,7.7048758799999995,GOOD
B0006,18,3.852,4.1993,2.9907,1.9972,2.1109,25.73,27.9,3646.9,3663.9,2.0103,100.51,1.2086000000000001,2.169999999999998,7.7436755999999995,GOOD
B0006,19,3.863,4.196,2.9822,1.9544,2.1557,25.53,29.74,3681.2,3675.9,2.0106,100.53,1.2137999999999995,4.209999999999997,7.7669478000000005,GOOD
B0006,20,3.8434,4.1971,2.9779,1.9879,2.1551,25.33,28.06,3641.4,3576.5,2.0079,100.39,1.2191999999999998,2.7300000000000004,7.717162859999999,GOOD
B0006,21,3.8383,4.2014,3.003,2.0494,2.1595,25.87,28.41,3543.4,3642.1,2.0056,100.28,1.1983999999999995,2.539999999999999,7.698094479999999,GOOD
B0006,22,3.8469,4.2046,2.9753,1.9713,2.1374,24.35,28.9,3663.4,3618.9,2.0056,100.28,1.2293000000000003,4.549999999999997,7.715342639999999,GOOD
B0006,23,3.8288,4.1991,2.9905,1.9756,2.1626,25.64,28.17,3658.7,3599.9,2.0031,100.16,1.2085999999999997,2.530000000000001,7.66946928,GOOD
B0006,24,3.8368,4.1912,2.9861,2.0115,2.1176,26.2,29.54,3554.0,3585.6,2.0004,100.02,1.2051000000000003,3.34,7.67513472,GOOD
B0006,25,3.8286,4.2007,2.983,1.9453,2.1253,26.58,30.41,3714.8,3604.0,1.9986,99.93,1.2177000000000002,3.830000000000002,7.651839959999999,GOOD
B0006,26,3.8478,4.1978,2.947,2.0516,2.1904,26.24,27.82,3485.5,3538.7,1.9972,99.86,1.2508,1.5800000000000018,7.68482616,GOOD
B0006,27,3.8338,4.209,3.0175,1.9548,2.1288,26.05,27.19,3657.9,3592.0,1.9934,99.67,1.1914999999999996,1.1400000000000006,7.642296920000001,GOOD
B0006,28,3.8412,4.1958,2.965,2.0447,2.1351,25.66,28.34,3456.8,3574.2,1.9892,99.46,1.2308000000000003,2.6799999999999997,7.64091504,GOOD
B0006,29,3.8345,4.196,2.975,1.9756,2.1905,26.48,28.88,3630.0,3599.6,1.9879,99.39,1.2209999999999996,2.3999999999999986,7.62260255,GOOD
B0006,30,3.8383,4.1884,2.9832,1.9928,2.1561,25.87,30.04,3614.8,3648.2,1.9921,99.6,1.2051999999999996,4.169999999999998,7.64627743,GOOD
B0006,31,3.8555,4.1933,2.9619,2.0135,2.1591,24.92,28.91,3605.1,3556.8,1.9914,99.57,1.2313999999999998,3.9899999999999984,7.6778427,GOOD
B0006,32,3.8336,4.1851,2.9471,1.9518,2.1313,25.72,26.42,3671.8,3573.8,1.9877,99.38,1.2380000000000004,0.7000000000000028,7.62004672,GOOD
B0006,33,3.8327,4.2014,2.9958,2.0542,2.133,25.36,28.93,3496.1,3596.1,1.984,99.2,1.2055999999999996,3.5700000000000003,7.6040768,GOOD
B0006,34,3.8405,4.1921,2.9534,1.9921,2.1492,26.2,29.86,3549.1,3584.5,1.9822,99.11,1.2387000000000001,3.66,7.6126391,GOOD
B0006,35,3.8572,4.1959,2.9723,2.0029,2.1285,27.13,29.64,3562.5,3573.3,1.9814,99.07,1.2235999999999998,2.5100000000000016,7.642656080000001,GOOD
B0006,36,3.831,4.1929,2.9499,1.9815,2.1435,26.01,28.76,3568.5,3579.1,1.9808,99.04,1.2429999999999999,2.75,7.5884447999999995,GOOD
B0006,37,3.8164,4.1981,2.9808,1.9939,2.203,26.33,31.14,3550.6,3593.1,1.9774,98.87,1.2173000000000003,4.810000000000002,7.54654936,GOOD
B0006,38,3.8309,4.2046,2.9764,1.9478,2.0979,25.89,29.24,3659.2,3667.4,1.9747,98.74,1.2282000000000002,3.349999999999998,7.56487823,GOOD
B0006,39,3.8257,4.1896,2.9441,1.9632,2.139,26.22,28.56,3623.5,3634.0,1.9715,98.57,1.2455000000000003,2.34,7.54236755,GOOD
B0006,40,3.8171,4.1983,3.0096,2.0123,2.0614,26.99,28.7,3591.0,3624.7,1.9693,98.46,1.1886999999999999,1.7100000000000009,7.5170150300000005,GOOD
B0006,41,3.8026,4.2036,2.9893,2.1113,2.1503,25.98,29.05,3338.1,3604.8,1.9693,98.46,1.2142999999999997,3.0700000000000003,7.488460180000001,GOOD
B0006,42,3.8205,4.1875,2.9696,1.9567,2.0528,26.49,28.36,3638.9,3646.5,1.967,98.35,1.2179000000000002,1.870000000000001,7.5149235,GOOD
B0006,43,3.8703,4.195,2.9599,2.0342,2.1483,27.0,28.24,3439.4,3652.1,1.9647,98.23,1.2351,1.2399999999999984,7.603978409999999,GOOD
B0006,44,3.8415,4.1975,2.9509,2.0184,2.113,25.3,29.3,3505.4,3609.9,1.964,98.2,1.2466,4.0,7.544706,GOOD
B0006,45,3.8378,4.2031,2.9621,2.0597,2.1776,27.96,29.45,3415.8,3672.8,1.9615,98.08,1.241,1.4899999999999984,7.5278447,GOOD
B0006,46,3.8508,4.199,2.9211,2.0188,2.1593,26.26,29.48,3445.6,3658.0,1.959,97.95,1.2778999999999998,3.219999999999999,7.543717200000001,GOOD
B0006,47,3.8477,4.1876,2.9725,1.9883,2.1543,26.0,30.19,3537.6,3581.4,1.9565,97.83,1.2150999999999996,4.190000000000001,7.52802505,GOOD
B0006,48,3.8276,4.1948,2.8978,2.0341,2.1406,25.12,30.6,3478.0,3610.9,1.9544,97.72,1.2969999999999997,5.48,7.4806614399999996,GOOD
B0006,49,3.8331,4.1957,2.9793,1.9778,2.1858,25.79,28.37,3522.2,3622.0,1.9537,97.69,1.2164000000000006,2.580000000000002,7.48872747,GOOD
B0006,50,3.8349,4.1945,2.9795,1.9869,2.0901,26.15,27.74,3544.5,3667.3,1.9518,97.59,1.2149999999999999,1.5899999999999999,7.48495782,GOOD
B0006,51,3.8509,4.1991,2.9833,2.0095,2.1202,26.9,29.16,3498.5,3618.6,1.9509,97.54,1.2157999999999998,2.2600000000000016,7.512720810000001,GOOD
B0006,52,3.8402,4.1944,2.9194,1.9682,2.1711,26.52,28.32,3507.9,3633.8,1.9475,97.37,1.275,1.8000000000000007,7.4787894999999995,GOOD
B0006,53,3.8144,4.1981,2.9816,1.9625,2.1487,26.27,29.69,3572.2,3656.8,1.9467,97.33,1.2165000000000004,3.4200000000000017,7.425492480000001,GOOD
B0006,54,3.8055,4.2031,2.9786,1.9448,2.1541,27.16,30.64,3615.0,3620.2,1.9454,97.27,1.2245,3.4800000000000004,7.4032197,GOOD
B0006,55,3.8313,4.1919,2.9734,2.0048,2.1605,26.54,30.42,3456.6,3569.5,1.9413,97.06,1.2185000000000006,3.8800000000000026,7.43770269,GOOD
B0006,56,3.8313,4.1983,2.92,2.0533,2.1344,25.76,29.9,3367.6,3627.9,1.9375,96.87,1.2782999999999998,4.139999999999997,7.42314375,GOOD
B0006,57,3.8431,4.2019,2.984,1.8868,2.1219,24.61,28.8,3673.5,3644.9,1.9355,96.78,1.2179000000000002,4.190000000000001,7.438320050000001,GOOD
B0006,58,3.8194,4.1951,2.9194,1.9581,2.1349,26.29,30.11,3600.8,3665.3,1.9341,96.7,1.2757,3.8200000000000003,7.38710154,GOOD
B0006,59,3.8225,4.1925,2.9425,2.0136,2.0942,27.18,31.76,3447.6,3617.9,1.9329,96.65,1.25,4.580000000000002,7.3885102499999995,GOOD
B0006,60,3.8413,4.2009,2.9211,1.9004,2.1578,26.72,26.76,3647.3,3589.7,1.9352,96.76,1.2797999999999998,0.0400000000000027,7.43368376,GOOD
B0006,61,3.8104,4.1969,2.9309,1.9508,2.1014,27.54,30.57,3495.7,3591.2,1.9348,96.74,1.2660000000000005,3.030000000000001,7.37236192,GOOD
B0006,62,3.8444,4.198,2.9433,1.9034,2.1761,26.31,30.24,3648.9,3576.8,1.932,96.6,1.2547000000000006,3.9299999999999997,7.427380799999999,GOOD
B0006,63,3.8282,4.1916,2.959,1.9313,2.1419,26.6,28.47,3594.9,3660.8,1.9295,96.47,1.2326000000000001,1.8699999999999974,7.3865118999999995,GOOD
B0006,64,3.8239,4.1964,2.941,1.9851,2.1147,26.59,29.91,3510.9,3654.5,1.9277,96.39,1.2553999999999998,3.3200000000000003,7.37133203,GOOD
B0006,65,3.8164,4.1826,2.9628,2.0216,2.1309,27.07,28.83,3458.3,3619.2,1.9247,96.23,1.2197999999999998,1.759999999999998,7.34542508,GOOD
B0006,66,3.8143,4.1922,2.947,2.0024,2.1371,26.81,30.32,3438.8,3601.1,1.9235,96.18,1.2451999999999996,3.5100000000000016,7.33680605,GOOD
B0006,67,3.8311,4.1936,2.9649,1.9019,2.1331,25.75,32.6,3656.9,3630.3,1.9207,96.03,1.2287,6.850000000000001,7.358393770000001,GOOD
B0006,68,3.8395,4.1987,2.964,1.9869,2.135,25.93,30.88,3469.6,3617.3,1.9176,95.88,1.2346999999999997,4.949999999999999,7.3626252,GOOD
B0006,69,3.8442,4.1979,2.9814,2.0265,2.1517,26.7,29.39,3365.9,3654.8,1.916,95.8,1.2165,2.6900000000000013,7.3654872,GOOD
B0006,70,3.8252,4.1986,2.9307,2.1005,2.1203,27.54,30.87,3317.9,3590.4,1.915,95.75,1.2679,3.330000000000002,7.325258000000001,GOOD
B0006,71,3.8189,4.1963,2.9721,1.9698,2.1748,26.16,31.88,3468.0,3637.0,1.91,95.5,1.2241999999999997,5.719999999999999,7.294099,GOOD
B0006,72,3.833,4.2026,2.9334,2.0569,2.2091,26.93,29.97,3286.7,3711.3,1.9075,95.38,1.2692000000000005,3.039999999999999,7.3114475,GOOD
B0006,73,3.8058,4.1859,2.9215,2.046,2.1817,27.35,30.69,3315.7,3607.3,1.9056,95.28,1.2644000000000002,3.34,7.25233248,GOOD
B0006,74,3.829,4.1873,2.9265,1.9908,2.0999,26.89,30.48,3480.0,3604.2,1.9048,95.24,1.2607999999999997,3.59,7.2934792,GOOD
B0006,75,3.8144,4.187,2.9408,1.907,2.1318,26.13,31.19,3570.4,3568.1,1.9042,95.21,1.2462000000000004,5.060000000000002,7.2633804799999995,GOOD
B0006,76,3.8244,4.191,2.927,1.9664,2.1534,26.19,30.33,3505.1,3585.9,1.9023,95.11,1.2639999999999998,4.139999999999997,7.27515612,GOOD
B0006,77,3.7924,4.1934,2.9188,2.051,2.1057,27.28,31.92,3304.3,3604.0,1.9001,95.01,1.2745999999999995,4.640000000000001,7.20593924,GOOD
B0006,78,3.8115,4.1948,2.9262,1.944,2.0894,28.23,32.41,3533.6,3606.6,1.8991,94.95,1.2685999999999997,4.179999999999996,7.23841965,GOOD
B0006,79,3.8326,4.1908,2.9376,2.0616,2.1008,27.77,30.46,3277.4,3598.3,1.896,94.8,1.2532,2.6900000000000013,7.266609599999999,GOOD
B0006,80,3.7998,4.2009,2.9458,2.0532,2.1669,27.05,30.87,3310.4,3627.4,1.8948,94.74,1.2550999999999997,3.8200000000000003,7.19986104,GOOD
B0006,81,3.8338,4.1828,2.914,2.1006,2.1541,27.17,31.47,3200.2,3584.7,1.8943,94.71,1.2688000000000001,4.299999999999997,7.262367340000001,GOOD
B0006,82,3.8036,4.1914,2.9441,2.0695,2.1743,26.25,30.5,3272.9,3600.3,1.8926,94.63,1.2472999999999996,4.25,7.19869336,GOOD
B0006,83,3.8418,4.1918,2.9291,2.0242,2.166,27.97,30.16,3376.8,3605.1,1.8919,94.59,1.2626999999999997,2.1900000000000013,7.26830142,GOOD
B0006,84,3.8173,4.1924,2.935,2.0401,2.1321,27.25,30.18,3422.6,3605.5,1.8899,94.5,1.2574,2.9299999999999997,7.214315269999999,GOOD
B0006,85,3.8292,4.1894,2.9497,2.0077,2.1379,26.52,30.19,3374.5,3635.5,1.8885,94.43,1.2397,3.6700000000000017,7.2314442,GOOD
B0006,86,3.814,4.1859,2.9463,2.0474,2.1289,26.54,31.19,3356.4,3702.5,1.8873,94.36,1.2396000000000003,4.650000000000002,7.1981622,GOOD
B0006,87,3.8303,4.191,2.9296,2.0252,2.1356,28.05,32.47,3397.7,3569.7,1.8867,94.34,1.2613999999999996,4.419999999999998,7.22662701,GOOD
B0006,88,3.7858,4.1874,2.8817,2.0225,2.1566,26.85,30.29,3364.3,3603.5,1.8848,94.24,1.3057000000000003,3.4399999999999977,7.13547584,GOOD
B0006,89,3.7964,4.1901,2.9172,1.9808,2.1657,28.0,32.57,3425.6,3658.4,1.8838,94.19,1.2729000000000004,4.57,7.15165832,GOOD
B0006,90,3.7889,4.1903,2.9028,1.9664,2.1461,26.76,28.74,3481.2,3639.3,1.8839,94.19,1.2874999999999996,1.9799999999999969,7.13790871,GOOD
B0006,91,3.8456,4.1971,2.9202,1.9579,2.1621,27.44,31.73,3439.5,3689.4,1.8843,94.22,1.2769,4.289999999999999,7.24626408,GOOD
B0006,92,3.8234,4.1868,2.9794,2.0348,2.2365,27.96,30.66,3355.7,3682.0,1.8826,94.13,1.2073999999999998,2.6999999999999993,7.19793284,GOOD
B0006,93,3.8223,4.1945,2.9057,1.9468,2.1262,27.43,31.03,3447.1,3677.5,1.8799,94.0,1.2887999999999997,3.6000000000000014,7.1855417699999995,GOOD
B0006,94,3.8149,4.1893,2.9172,1.9579,2.178,26.79,31.5,3501.7,3633.7,1.8773,93.87,1.2721000000000005,4.710000000000001,7.16171177,GOOD
B0006,95,3.8205,4.1921,2.9326,1.9953,2.151,26.94,31.37,3363.4,3687.7,1.8739,93.69,1.2595,4.43,7.159234949999999,GOOD
B0006,96,3.8188,4.1921,2.9281,2.0512,2.1414,27.6,29.64,3275.9,3682.2,1.8737,93.68,1.2639999999999998,2.039999999999999,7.155285559999999,GOOD
B0006,97,3.8136,4.1869,2.9202,1.9691,2.1126,27.73,31.35,3442.6,3680.3,1.873,93.65,1.2666999999999997,3.620000000000001,7.1428728,GOOD
B0006,98,3.8128,4.1965,2.9021,2.0454,2.1638,27.64,31.87,3261.1,3601.1,1.8692,93.46,1.2944000000000004,4.23,7.12688576,GOOD
B0006,99,3.8079,4.1892,2.8988,1.9259,2.1474,27.2,31.47,3488.5,3749.1,1.8649,93.24,1.2903999999999995,4.27,7.1013527100000005,GOOD
B0006,100,3.8337,4.1982,2.9351,1.9882,2.1092,27.88,32.52,3425.7,3612.0,1.863,93.15,1.2631000000000001,4.640000000000004,7.1421831,GOOD
B0006,101,3.7954,4.1867,2.9325,1.966,2.1253,28.16,31.99,3418.2,3624.4,1.861,93.05,1.2542,3.8299999999999983,7.0632394,GOOD
B0006,102,3.8094,4.2017,2.9216,1.8833,2.0787,28.05,32.87,3526.4,3735.0,1.8571,92.85,1.2800999999999996,4.819999999999997,7.07443674,GOOD
B0006,103,3.812,4.1924,2.9355,2.0945,2.1705,27.73,32.28,3200.7,3688.5,1.8528,92.64,1.2569,4.550000000000001,7.0628736,GOOD
B0006,104,3.8131,4.1919,2.9153,2.0392,2.2076,27.71,32.33,3318.3,3658.5,1.8524,92.62,1.2766000000000006,4.619999999999997,7.06338644,GOOD
B0006,105,3.8172,4.1785,2.87,2.0167,2.0797,26.57,31.29,3282.7,3646.6,1.8511,92.55,1.3084999999999996,4.719999999999999,7.06601892,GOOD
B0006,106,3.8112,4.1852,2.9423,1.9286,2.1567,26.42,31.96,3438.9,3696.3,1.8474,92.37,1.2429000000000001,5.539999999999999,7.0408108799999995,GOOD
B0006,107,3.7984,4.1854,2.9081,2.0938,2.1986,26.9,32.55,3119.0,3635.6,1.8442,92.21,1.2772999999999994,5.649999999999999,7.00500928,GOOD
B0006,108,3.8228,4.1827,2.9222,2.0,2.1447,29.04,33.54,3313.1,3640.2,1.843,92.15,1.2604999999999995,4.5,7.0454204,GOOD
B0006,109,3.8063,4.1989,2.9102,2.0364,2.1081,27.38,32.28,3260.3,3687.5,1.8425,92.12,1.2887,4.900000000000002,7.01310775,GOOD
B0006,110,3.7798,4.1946,2.8933,2.0253,2.1635,26.42,32.9,3255.1,3657.2,1.8408,92.04,1.3013000000000003,6.479999999999997,6.95785584,GOOD
B0006,111,3.8299,4.1956,2.875,2.1129,2.1297,29.46,31.63,3122.9,3645.6,1.8389,91.95,1.3205999999999998,2.169999999999998,7.0428031099999995,GOOD
B0006,112,3.8431,4.1884,2.9044,2.0039,2.121,29.08,30.45,3281.8,3693.5,1.837,91.85,1.2839999999999998,1.370000000000001,7.0597747,GOOD
B0006,113,3.813,4.1964,2.9297,2.0069,2.2127,27.32,31.85,3290.0,3652.4,1.8346,91.73,1.2666999999999997,4.530000000000001,6.9953298,GOOD
B0006,114,3.7806,4.1907,2.8961,2.0954,2.1478,27.65,33.08,3162.2,3650.0,1.8335,91.68,1.2945999999999995,5.43,6.9317301,GOOD
B0006,115,3.8589,4.1903,2.9297,1.9489,2.1327,29.56,33.42,3397.7,3642.2,1.8319,91.6,1.2605999999999997,3.860000000000003,7.069118910000001,GOOD
B0006,116,3.7935,4.1826,2.9257,2.0269,2.1721,27.63,32.32,3237.0,3628.9,1.8298,91.49,1.2569,4.690000000000001,6.9413463,GOOD
B0006,117,3.805,4.1908,2.9231,2.0067,2.1572,27.06,31.2,3246.4,3682.7,1.8254,91.27,1.2677000000000005,4.140000000000001,6.945647,GOOD
B0006,118,3.7894,4.1911,2.9165,1.9653,2.1492,28.39,31.27,3356.3,3671.0,1.823,91.15,1.2745999999999995,2.879999999999999,6.9080762,GOOD
B0006,119,3.8057,4.1899,2.8923,1.9726,2.1197,27.62,32.15,3308.4,3600.1,1.8218,91.09,1.2975999999999996,4.529999999999998,6.93322426,GOOD
B0006,120,3.7957,4.185,2.9193,1.9722,2.1899,28.93,32.22,3352.8,3684.7,1.8244,91.22,1.2656999999999998,3.289999999999999,6.9248750800000005,GOOD
B0006,121,3.8145,4.1929,2.8842,2.0077,2.1543,28.7,31.79,3249.6,3667.3,1.8223,91.11,1.3087,3.09,6.95116335,GOOD
B0006,122,3.7832,4.1827,2.892,1.9829,2.097,29.25,32.14,3293.0,3725.9,1.8184,90.92,1.2906999999999997,2.8900000000000006,6.87937088,GOOD
B0006,123,3.7928,4.1885,2.9008,2.0724,2.145,26.92,30.43,3197.4,3630.0,1.8152,90.76,1.2877000000000005,3.509999999999998,6.88469056,GOOD
B0006,124,3.8015,4.1855,2.8956,2.0792,2.1066,27.79,33.25,3098.8,3714.7,1.8119,90.6,1.2899000000000003,5.460000000000001,6.88793785,GOOD
B0006,125,3.8041,4.185,2.8718,2.0354,2.2325,28.24,30.55,3212.3,3696.9,1.8084,90.42,1.3131999999999997,2.3100000000000023,6.87933444,GOOD
B0006,126,3.7899,4.1837,2.8886,1.9914,2.1242,27.16,32.58,3261.4,3645.6,1.8071,90.36,1.2951000000000001,5.419999999999998,6.8487282899999995,GOOD
B0006,127,3.7764,4.1886,2.8901,2.012,2.162,29.08,32.55,3260.9,3650.6,1.8046,90.23,1.2985000000000002,3.469999999999999,6.81489144,GOOD
B0006,128,3.7974,4.1911,2.9102,2.0068,2.1132,28.69,31.62,3206.0,3618.5,1.8025,90.12,1.2808999999999995,2.9299999999999997,6.8448135,GOOD
B0006,129,3.8166,4.1823,2.9304,2.0455,2.1061,27.92,31.47,3188.1,3625.0,1.8001,90.01,1.2518999999999996,3.549999999999997,6.870261660000001,GOOD
B0006,130,3.7931,4.1928,2.8921,2.0199,2.1631,27.04,31.65,3207.6,3642.7,1.7996,89.98,1.3007,4.609999999999999,6.82606276,GOOD
B0006,131,3.7792,4.1824,2.901,1.9686,2.0632,29.82,31.51,3299.6,3615.4,1.7951,89.76,1.2814000000000005,1.6900000000000013,6.784041919999999,GOOD
B0006,132,3.7729,4.1831,2.8815,1.9934,2.1388,27.15,32.1,3282.8,3719.1,1.7937,89.68,1.3015999999999996,4.950000000000003,6.76745073,GOOD
B0006,133,3.8067,4.197,2.905,2.0322,2.1031,27.43,32.62,3147.9,3626.6,1.7907,89.53,1.2920000000000003,5.189999999999998,6.81665769,GOOD
B0006,134,3.775,4.1826,2.8996,2.0898,2.1739,28.86,31.07,3085.9,3664.3,1.7893,89.46,1.283,2.210000000000001,6.7546075,GOOD
B0006,135,3.7906,4.1948,2.8931,2.0075,2.0911,28.29,33.87,3220.3,3581.3,1.7864,89.32,1.3016999999999999,5.579999999999998,6.77152784,GOOD
B0006,136,3.8216,4.1856,2.8976,2.081,2.1454,29.03,33.17,3105.8,3683.2,1.7845,89.23,1.2879999999999998,4.140000000000001,6.8196452,GOOD
B0006,137,3.7885,4.182,2.8576,2.0622,2.1503,29.38,34.36,3113.6,3616.0,1.7827,89.13,1.3244000000000002,4.98,6.75375895,GOOD
B0006,138,3.7847,4.1763,2.8796,1.9964,2.1307,27.83,31.55,3216.4,3743.8,1.7804,89.02,1.2967000000000004,3.7200000000000024,6.7382798799999994,GOOD
B0006,139,3.8042,4.1895,2.8861,1.9098,2.1389,27.7,33.02,3385.5,3748.4,1.7764,88.82,1.3034,5.320000000000004,6.757780879999999,GOOD
B0006,140,3.769,4.1863,2.8898,2.0339,2.1494,28.55,32.27,3130.3,3690.5,1.7738,88.69,1.2965,3.7200000000000024,6.6854522,GOOD
B0006,141,3.7888,4.1893,2.92,1.9801,2.1856,29.88,32.55,3208.0,3663.2,1.7737,88.69,1.2693000000000003,2.669999999999998,6.72019456,GOOD
B0006,142,3.8096,4.1819,2.9172,1.96,2.1121,28.97,34.2,3258.8,3688.4,1.7713,88.57,1.2647,5.230000000000004,6.74794448,GOOD
B0006,143,3.8115,4.1859,2.877,2.0548,2.1749,28.91,32.68,3092.5,3665.6,1.7665,88.32,1.3089000000000004,3.7699999999999996,6.73301475,GOOD
B0006,144,3.7834,4.1869,2.8719,2.0089,2.087,28.12,34.14,3134.7,3695.7,1.7643,88.22,1.3149999999999995,6.02,6.67505262,GOOD
B0006,145,3.8036,4.184,2.8773,2.0027,2.1097,29.4,34.38,3157.9,3693.5,1.7628,88.14,1.3067000000000002,4.980000000000004,6.704986079999999,GOOD
B0006,146,3.7902,4.1799,2.9151,1.9804,2.1317,29.96,33.72,3205.8,3634.2,1.7593,87.96,1.2648000000000001,3.759999999999998,6.668098860000001,GOOD
B0006,147,3.8346,4.1897,2.8923,2.0361,2.1402,28.4,32.79,3087.2,3659.4,1.7558,87.79,1.2974,4.390000000000001,6.73279068,GOOD
B0006,148,3.7871,4.1838,2.8865,2.0039,2.155,29.92,33.26,3216.8,3688.1,1.7537,87.68,1.2973,3.3399999999999963,6.64143727,GOOD
B0006,149,3.8106,4.1847,2.8329,1.9998,2.1425,30.01,32.32,3143.4,3725.2,1.7517,87.58,1.3518000000000003,2.3099999999999987,6.67502802,GOOD
B0006,150,3.7874,4.1774,2.8782,2.027,2.1395,28.95,32.76,3140.1,3643.0,1.7527,87.63,1.2991999999999995,3.8099999999999987,6.63817598,GOOD
B0006,151,3.79,4.1777,2.8371,2.0542,2.1205,27.71,32.47,3043.8,3669.8,1.7515,87.58,1.3405999999999998,4.759999999999998,6.638185,GOOD
B0006,152,3.7967,4.188,2.8529,1.9691,2.1343,28.67,34.4,3234.1,3776.0,1.7503,87.51,1.3350999999999997,5.729999999999997,6.64536401,GOOD
B0006,153,3.7749,4.1938,2.8416,2.0896,2.1544,28.97,32.08,3002.1,3746.4,1.7504,87.52,1.3522000000000003,3.1099999999999994,6.6075849600000005,GOOD
B0006,154,3.7817,4.1866,2.873,2.0173,2.1245,28.79,32.75,3065.1,3696.3,1.7479,87.39,1.3136,3.960000000000001,6.61003343,GOOD
B0006,155,3.7855,4.1891,2.846,2.0302,2.141,28.1,35.45,3097.5,3654.8,1.7468,87.34,1.3430999999999997,7.350000000000001,6.6125114,GOOD
B0006,156,3.8008,4.1813,2.8903,1.9999,2.1835,28.07,32.56,3133.0,3670.1,1.7452,87.26,1.2910000000000004,4.490000000000002,6.63315616,GOOD
B0006,157,3.8267,4.1946,2.8804,2.0208,2.1429,28.09,33.31,3128.2,3730.7,1.743,87.15,1.3142000000000005,5.220000000000002,6.6699381,GOOD
B0006,158,3.7642,4.1828,2.8442,2.0584,2.1376,28.91,34.01,3124.8,3689.7,1.7392,86.96,1.3386000000000005,5.099999999999998,6.54669664,GOOD
B0006,159,3.7678,4.1914,2.8692,2.0829,2.1832,28.6,32.17,3010.2,3654.9,1.7369,86.85,1.3221999999999996,3.5700000000000003,6.54429182,GOOD
B0006,160,3.8017,4.1757,2.8773,2.038,2.1742,27.91,34.02,3099.6,3693.7,1.7343,86.71,1.2984,6.110000000000003,6.593288309999999,GOOD
B0006,161,3.8027,4.1804,2.8406,1.99,2.1661,29.86,34.17,3158.0,3722.3,1.7318,86.59,1.3397999999999999,4.310000000000002,6.58551586,GOOD
B0006,162,3.783,4.1902,2.8462,2.0215,2.1285,29.93,33.65,3080.4,3750.2,1.7296,86.48,1.3439999999999999,3.719999999999999,6.5430768,GOOD
B0006,163,3.788,4.1828,2.8802,2.0965,2.1318,28.12,32.9,2960.7,3684.1,1.7283,86.41,1.3026000000000004,4.779999999999998,6.5468003999999995,GOOD
B0006,164,3.8114,4.1917,2.8949,2.1257,2.1747,29.99,34.54,2941.5,3697.8,1.7255,86.28,1.2968000000000002,4.550000000000001,6.5765706999999995,GOOD
B0006,165,3.7653,4.1828,2.8793,2.0036,2.118,28.99,33.56,3094.6,3702.1,1.7234,86.17,1.3035,4.570000000000004,6.48911802,GOOD
B0006,166,3.7761,4.1883,2.8898,2.016,2.1699,29.94,32.71,3102.9,3651.4,1.7199,85.99,1.2984999999999998,2.7699999999999996,6.49451439,GOOD
B0006,167,3.7861,4.1726,2.8699,2.0491,2.1006,30.05,33.15,3024.6,3661.4,1.7181,85.9,1.3027000000000002,3.099999999999998,6.504898409999999,GOOD
B0006,168,3.7982,4.1864,2.8655,1.9762,2.1479,29.72,34.57,3140.3,3632.7,1.7148,85.74,1.3209,4.850000000000001,6.5131533600000004,GOOD
B0006,169,3.7729,4.1864,2.8495,2.0226,2.1415,27.72,34.85,3046.6,3735.5,1.7121,85.61,1.3369,7.130000000000003,6.45958209,GOOD
B0006,170,3.7776,4.1819,2.8694,1.9337,2.1663,30.78,34.42,3189.1,3629.9,1.7115,85.57,1.3124999999999996,3.6400000000000006,6.4653624,GOOD
B0006,171,3.7808,4.1803,2.8837,2.0267,2.2308,28.49,34.02,2995.5,3596.6,1.7098,85.49,1.2965999999999998,5.530000000000005,6.46441184,GOOD
B0006,172,3.7886,4.1785,2.8643,1.9685,2.1352,29.04,33.12,3098.9,3658.5,1.7062,85.31,1.3141999999999996,4.079999999999998,6.46410932,GOOD
B0006,173,3.7392,4.1816,2.8398,1.9474,2.1342,29.31,33.84,3116.4,3715.4,1.7031,85.15,1.3418000000000005,4.530000000000005,6.36823152,GOOD
B0006,174,3.7694,4.184,2.8672,1.9694,2.0619,28.64,34.25,3130.9,3683.8,1.7015,85.07,1.3168000000000002,5.609999999999999,6.4136341,GOOD
B0006,175,3.8144,4.1806,2.8722,1.9332,2.1173,29.89,35.17,3152.9,3613.6,1.6994,84.97,1.3084000000000002,5.280000000000001,6.48219136,GOOD
B0006,176,3.7824,4.1829,2.8479,1.9924,2.1275,28.51,34.92,3069.0,3682.0,1.6969,84.84,1.335,6.41,6.41835456,GOOD
B0006,177,3.7765,4.1831,2.893,2.0327,2.13,28.9,33.38,2995.6,3656.0,1.6948,84.74,1.2900999999999998,4.480000000000004,6.4004122,GOOD
B0006,178,3.7391,4.1849,2.8631,2.0631,2.1763,28.9,34.99,2946.6,3611.6,1.6916,84.58,1.3217999999999996,6.090000000000003,6.32506156,GOOD
B0006,179,3.769,4.1821,2.8898,2.0112,2.1195,30.25,34.63,2988.6,3625.3,1.6887,84.43,1.2923,4.380000000000003,6.3647103000000005,GOOD
B0006,180,3.7905,4.1839,2.8352,2.0036,2.143,29.19,32.57,3009.1,3670.6,1.6919,84.59,1.3487000000000005,3.379999999999999,6.41314695,GOOD
B0006,181,3.7819,4.1866,2.8801,2.0165,2.1542,28.75,36.32,2971.2,3695.2,1.6881,84.4,1.3065000000000002,7.57,6.384225389999999,GOOD
B0006,182,3.7899,4.176,2.846,1.9601,2.0906,29.65,33.65,3138.8,3715.6,1.6844,84.22,1.33,4.0,6.3837075599999995,GOOD
B0006,183,3.7697,4.1823,2.8485,2.0035,2.207,28.72,34.24,3042.8,3675.5,1.6816,84.08,1.3337999999999997,5.520000000000003,6.33912752,GOOD
B0006,184,3.7866,4.178,2.8569,1.9648,2.1261,29.49,35.7,3095.0,3691.1,1.677,83.85,1.3211,6.210000000000004,6.3501282,GOOD
B0006,185,3.78,4.1757,2.8491,1.9963,2.1729,29.17,33.56,3016.2,3666.7,1.6733,83.67,1.3266,4.390000000000001,6.325074,GOOD
B0006,186,3.7744,4.1795,2.8705,2.0707,2.1759,28.23,33.87,2899.7,3619.1,1.671,83.55,1.3090000000000002,5.639999999999997,6.3070224,GOOD
B0006,187,3.7723,4.1791,2.8506,1.931,2.1362,29.8,34.56,3125.5,3709.0,1.6693,83.47,1.3285,4.760000000000002,6.29710039,GOOD
B0006,188,3.7766,4.1772,2.8442,1.9472,2.182,29.48,35.64,3091.4,3658.6,1.6671,83.35,1.3330000000000002,6.16,6.2959698600000005,GOOD
B0006,189,3.7865,4.1807,2.8503,1.9724,2.1507,29.92,34.04,3004.8,3746.0,1.664,83.2,1.3304,4.119999999999997,6.300736,GOOD
B0006,190,3.7658,4.1821,2.8184,1.9011,2.1825,29.93,34.6,3151.5,3824.0,1.6605,83.03,1.3637000000000001,4.670000000000002,6.2531109,GOOD
B0006,191,3.7579,4.1725,2.8683,2.0428,2.1673,29.12,35.05,2898.0,3722.0,1.6567,82.84,1.3042000000000002,5.929999999999996,6.22571293,GOOD
B0006,192,3.765,4.1865,2.8487,2.0246,2.1107,29.99,34.04,2953.1,3754.7,1.6528,82.64,1.3377999999999997,4.050000000000001,6.222792,GOOD
B0006,193,3.7593,4.1838,2.8536,2.1029,2.1576,29.36,35.53,2820.3,3699.7,1.6497,82.48,1.3301999999999996,6.170000000000002,6.20171721,GOOD
B0006,194,3.7706,4.1808,2.8422,1.9705,2.1586,29.11,33.63,3032.2,3721.7,1.648,82.4,1.3385999999999996,4.520000000000003,6.2139488,GOOD
B0006,195,3.7446,4.1755,2.8414,2.0577,2.1454,29.26,34.97,2877.8,3642.3,1.6468,82.34,1.3341000000000003,5.709999999999997,6.16660728,GOOD
B0006,196,3.7514,4.1928,2.8604,1.9703,2.1832,29.45,35.94,3009.3,3671.6,1.6457,82.29,1.3324000000000003,6.489999999999998,6.173678979999999,GOOD
B0006,197,3.7733,4.1823,2.8467,2.0103,2.174,31.99,36.14,2947.2,3686.1,1.6421,82.11,1.3356,4.150000000000002,6.19613593,GOOD
B0006,198,3.752,4.1835,2.8213,1.9814,2.1701,29.76,34.44,2943.0,3747.2,1.6396,81.98,1.3622000000000005,4.679999999999996,6.151779199999999,GOOD
B0006,199,3.7616,4.1711,2.8404,1.9833,2.1555,29.04,35.7,2917.6,3695.8,1.6378,81.89,1.3307000000000002,6.660000000000004,6.16074848,GOOD
B0006,200,3.7709,4.1808,2.8558,2.0662,2.1453,29.23,35.56,2840.0,3750.6,1.6348,81.74,1.3249999999999997,6.330000000000002,6.16466732,GOOD
B0006,201,3.7567,4.1806,2.8044,1.9766,2.1401,30.2,34.04,2947.3,3746.8,1.6327,81.64,1.3762000000000003,3.84,6.13356409,GOOD
B0006,202,3.7822,4.1771,2.8373,2.0107,2.2024,29.88,34.9,2951.2,3685.8,1.6299,81.5,1.3398000000000003,5.02,6.16460778,GOOD
B0006,203,3.784,4.1768,2.8444,2.0873,2.1776,30.3,34.88,2787.6,3662.0,1.6268,81.34,1.3324000000000003,4.580000000000002,6.1558112,GOOD
B0006,204,3.7881,4.1763,2.8436,2.0056,2.1855,30.41,35.12,2895.5,3715.6,1.6222,81.11,1.3327000000000004,4.709999999999997,6.1450558200000005,GOOD
B0006,205,3.7713,4.1791,2.8286,1.9514,2.1654,30.16,36.96,2957.2,3727.5,1.6197,80.99,1.3505000000000003,6.800000000000001,6.10837461,GOOD
B0006,206,3.7991,4.1821,2.8417,1.996,2.1289,30.4,33.83,2876.4,3743.5,1.617,80.85,1.3404000000000003,3.4299999999999997,6.143144700000001,GOOD
B0006,207,3.7624,4.1741,2.8264,2.0092,2.1795,31.15,34.33,2882.0,3865.6,1.6163,80.81,1.3477000000000001,3.1799999999999997,6.08116712,GOOD
B0006,208,3.7536,4.1756,2.8287,1.9804,2.143,30.18,35.25,2904.8,3718.8,1.6138,80.69,1.3469000000000002,5.07,6.05755968,GOOD
B0006,209,3.7738,4.1705,2.8359,1.9007,2.1447,30.75,36.36,3060.9,3731.5,1.6108,80.54,1.3345999999999996,5.609999999999999,6.07883704,GOOD
B0006,210,3.7584,4.1775,2.8328,1.9697,2.1868,31.26,34.97,2931.2,3699.8,1.6118,80.59,1.3447,3.7099999999999973,6.05778912,GOOD
B0006,211,3.7567,4.1604,2.8663,2.0,2.1447,30.54,35.3,2883.7,3665.3,1.6092,80.46,1.2941000000000003,4.759999999999998,6.04528164,GOOD
B0006,212,3.7449,4.1732,2.8434,2.0362,2.1235,28.17,35.43,2831.3,3688.1,1.6086,80.43,1.3297999999999996,7.259999999999998,6.02404614,GOOD
B0006,213,3.7669,4.1738,2.8055,1.9869,2.1228,30.27,36.48,2865.8,3710.0,1.6046,80.23,1.3683,6.209999999999997,6.04436774,GOOD
B0006,214,3.7631,4.1822,2.8231,2.0085,2.1632,29.89,37.48,2886.2,3759.1,1.6006,80.03,1.3590999999999998,7.589999999999996,6.02321786,GOOD
B0006,215,3.7689,4.1854,2.8318,1.9635,2.1504,29.57,33.42,2901.4,3710.4,1.5964,79.82,1.3535999999999997,3.8500000000000014,6.01667196,WARNING
B0006,216,3.7508,4.1835,2.803,1.954,2.1935,30.44,35.39,2940.6,3659.7,1.5923,79.61,1.3805000000000005,4.949999999999999,5.97239884,WARNING
B0006,217,3.7632,4.1845,2.793,2.0881,2.1463,29.54,34.3,2749.1,3654.6,1.5898,79.49,1.3914999999999997,4.759999999999998,5.98273536,WARNING
B0006,218,3.7591,4.1839,2.846,1.9679,2.1436,29.17,33.59,2867.4,3753.9,1.5876,79.38,1.3379000000000003,4.420000000000002,5.96794716,WARNING
B0006,219,3.7682,4.1708,2.8106,1.9571,2.145,30.29,34.66,2923.7,3718.7,1.5837,79.19,1.3601999999999999,4.369999999999997,5.967698340000001,WARNING
B0006,220,3.7666,4.1836,2.8526,2.0245,2.1638,30.31,36.73,2780.5,3746.6,1.5817,79.09,1.3310000000000004,6.419999999999998,5.957631220000001,WARNING
B0006,221,3.784,4.1808,2.8218,1.9882,2.1658,30.91,35.34,2862.1,3746.4,1.5791,78.96,1.3589999999999995,4.430000000000003,5.975314399999999,WARNING
B0006,222,3.7721,4.1804,2.8461,1.9642,2.1502,30.71,36.51,2904.8,3661.4,1.5779,78.89,1.3342999999999998,5.799999999999997,5.95199659,WARNING
B0006,223,3.7909,4.1808,2.8544,2.0522,2.1909,30.82,36.33,2769.9,3711.7,1.5746,78.73,1.3263999999999996,5.509999999999998,5.96915114,WARNING
B0006,224,3.7526,4.187,2.8022,2.0406,2.1914,30.46,34.73,2805.9,3720.1,1.5708,78.54,1.3848000000000003,4.269999999999996,5.8945840800000004,WARNING
B0006,225,3.7584,4.1862,2.7777,2.0188,2.1903,30.71,36.18,2781.1,3713.3,1.5669,78.34,1.4085000000000005,5.469999999999999,5.889036959999999,WARNING
B0006,226,3.7488,4.1735,2.8326,1.9714,2.1337,30.35,35.16,2867.7,3728.1,1.566,78.3,1.3409,4.809999999999995,5.8706208,WARNING
B0006,227,3.769,4.1801,2.8118,1.9803,2.1239,29.96,36.14,2818.1,3772.2,1.5621,78.1,1.3683000000000005,6.18,5.8875549000000005,WARNING
B0006,228,3.7813,4.1801,2.8021,1.9969,2.0998,30.85,35.29,2777.4,3774.9,1.5592,77.96,1.3780000000000006,4.439999999999998,5.895802959999999,WARNING
B0006,229,3.7734,4.181,2.7921,1.98,2.1398,29.36,35.46,2810.8,3719.5,1.555,77.75,1.3889,6.100000000000001,5.867637,WARNING
B0006,230,3.7577,4.1776,2.811,2.0369,2.1178,32.27,35.93,2725.8,3753.8,1.549,77.45,1.3666,3.6599999999999966,5.8206773,WARNING
B0006,231,3.7684,4.1839,2.8104,2.1026,2.1693,31.3,37.45,2697.8,3726.0,1.5471,77.35,1.3735000000000004,6.150000000000002,5.83009164,WARNING
B0006,232,3.7781,4.171,2.7798,1.9971,2.0974,30.55,36.43,2773.5,3710.3,1.5432,77.16,1.3912000000000004,5.879999999999999,5.830363919999999,WARNING
B0006,233,3.7686,4.1714,2.7715,1.9896,2.1775,30.89,34.99,2792.1,3734.0,1.5414,77.07,1.3999000000000001,4.100000000000001,5.80892004,WARNING
B0006,234,3.7524,4.179,2.778,1.9553,2.1108,31.93,36.9,2837.9,3659.0,1.5383,76.92,1.4010000000000002,4.969999999999999,5.772316920000001,WARNING
B0006,235,3.7768,4.1794,2.8113,2.0316,2.1582,31.62,37.13,2712.5,3691.1,1.5345,76.72,1.3681,5.510000000000002,5.7954996,WARNING
B0006,236,3.7636,4.1747,2.7962,2.0,2.1832,31.01,35.98,2767.2,3721.4,1.532,76.6,1.3784999999999998,4.969999999999995,5.7658352,WARNING
B0006,237,3.7657,4.1783,2.8107,2.0531,2.1864,31.56,35.44,2660.6,3763.2,1.5313,76.57,1.3676,3.879999999999999,5.76641641,WARNING
B0006,238,3.7526,4.1784,2.7746,2.0117,2.1786,29.76,37.99,2708.7,3742.0,1.5306,76.53,1.4038,8.23,5.74372956,WARNING
B0006,239,3.7554,4.1697,2.834,2.0163,2.1986,29.97,36.18,2733.9,3721.9,1.5277,76.38,1.3356999999999997,6.210000000000001,5.73712458,WARNING
B0006,240,3.7511,4.1792,2.8131,2.0003,2.1824,29.46,35.65,2719.5,3760.3,1.5274,76.37,1.3660999999999999,6.189999999999998,5.729430140000001,WARNING
B0006,241,3.7343,4.1786,2.789,1.9825,2.2214,31.65,36.22,2766.1,3756.8,1.5253,76.26,1.3896000000000002,4.57,5.695927790000001,WARNING
B0006,242,3.7543,4.1763,2.7768,1.9155,2.1447,30.54,37.06,2865.4,3690.1,1.5215,76.07,1.3995000000000002,6.520000000000003,5.712167450000001,WARNING
B0006,243,3.7465,4.186,2.8133,1.922,2.2046,30.57,35.53,2908.1,3735.3,1.5183,75.91,1.3727,4.960000000000001,5.68831095,WARNING
B0006,244,3.7634,4.1746,2.7934,1.9795,2.1983,31.26,37.85,2751.8,3691.8,1.5144,75.72,1.3811999999999998,6.59,5.699292959999999,WARNING
B0006,245,3.7617,4.184,2.7863,2.0257,2.1087,30.68,36.84,2637.2,3721.8,1.5131,75.65,1.3977,6.160000000000004,5.691828269999999,WARNING
B0006,246,3.7607,4.1746,2.822,1.986,2.1091,29.96,34.7,2758.1,3825.3,1.5111,75.55,1.3525999999999998,4.740000000000002,5.68279377,WARNING
B0006,247,3.7763,4.181,2.792,2.0633,2.1356,30.81,36.44,2625.4,3750.0,1.5075,75.38,1.3890000000000002,5.629999999999999,5.69277225,WARNING
B0006,248,3.7641,4.1796,2.8085,2.097,2.1886,32.06,36.75,2594.7,3745.0,1.5053,75.26,1.3710999999999998,4.689999999999998,5.66609973,WARNING
B0006,249,3.7448,4.1631,2.8152,2.0521,2.1152,31.71,36.12,2624.3,3776.9,1.5022,75.11,1.3479,4.409999999999997,5.62543856,WARNING
B0006,250,3.7351,4.184,2.7971,2.0623,2.102,30.04,35.84,2604.6,3668.9,1.5004,75.02,1.3869000000000002,5.800000000000004,5.6041440399999995,WARNING
B0006,251,3.7561,4.1704,2.7828,1.9657,2.1151,28.96,36.7,2728.4,3712.4,1.4969,74.84,1.3876,7.740000000000002,5.62250609,WARNING
B0006,252,3.7614,4.1869,2.7817,2.07,2.161,31.33,36.48,2597.5,3772.0,1.495,74.75,1.4051999999999998,5.149999999999999,5.623293,WARNING
B0006,253,3.7447,4.1809,2.8173,1.9439,2.1445,31.91,37.52,2794.8,3741.9,1.4933,74.67,1.3636000000000004,5.610000000000003,5.59196051,WARNING
B0006,254,3.7535,4.1825,2.7884,2.0024,2.1196,30.38,37.21,2656.3,3724.7,1.4896,74.48,1.3941,6.830000000000002,5.5912136,WARNING
B0006,255,3.7714,4.1856,2.8288,2.1202,2.1631,30.65,35.92,2562.6,3729.6,1.4846,74.23,1.3567999999999998,5.270000000000003,5.599020439999999,WARNING
B0006,256,3.7394,4.1723,2.8029,1.9472,2.1577,32.61,34.83,2692.5,3755.0,1.4813,74.07,1.3693999999999997,2.219999999999999,5.53917322,WARNING
B0006,257,3.7399,4.1643,2.823,1.9594,2.1392,31.68,36.33,2686.7,3694.2,1.4766,73.83,1.3413,4.649999999999999,5.52233634,WARNING
B0006,258,3.7642,4.1771,2.7499,2.0289,2.1657,30.43,37.29,2642.1,3751.8,1.4713,73.56,1.4272000000000005,6.859999999999999,5.53826746,WARNING
B0006,259,3.7466,4.1778,2.794,2.0627,2.1619,32.08,37.89,2531.8,3731.5,1.469,73.45,1.3838000000000004,5.810000000000002,5.5037554,WARNING
B0006,260,3.7617,4.1763,2.7882,1.9359,2.1021,31.75,36.38,2746.7,3664.3,1.4663,73.32,1.3881000000000006,4.630000000000003,5.51578071,WARNING
B0006,261,3.7556,4.1744,2.8249,2.0474,2.1357,31.59,35.17,2601.4,3718.7,1.4613,73.06,1.3495000000000004,3.580000000000002,5.48805828,WARNING
B0006,262,3.7275,4.1782,2.8227,2.001,2.1205,30.41,38.58,2641.2,3717.8,1.4606,73.03,1.3555000000000001,8.169999999999998,5.444386499999999,WARNING
B0006,263,3.7549,4.1769,2.7717,1.9429,2.1172,31.2,36.52,2750.3,3711.3,1.4581,72.91,1.4051999999999998,5.320000000000004,5.47501969,WARNING
B0006,264,3.7265,4.1727,2.7524,1.997,2.1099,32.53,37.36,2689.3,3722.9,1.4565,72.83,1.4202999999999997,4.829999999999998,5.42764725,WARNING
B0006,265,3.7659,4.176,2.8011,1.9499,2.1487,31.77,37.04,2638.2,3843.2,1.4571,72.86,1.3749000000000002,5.27,5.48729289,WARNING
B0006,266,3.7499,4.18,2.8001,1.9661,2.1875,32.33,36.67,2684.2,3723.4,1.453,72.65,1.3798999999999997,4.340000000000003,5.4486047,WARNING
B0006,267,3.7522,4.1801,2.7735,2.0182,2.2105,31.53,37.54,2646.2,3759.0,1.4496,72.48,1.4066000000000005,6.009999999999998,5.43918912,WARNING
B0006,268,3.7309,4.1766,2.7941,2.0081,2.2148,31.21,37.31,2537.4,3780.4,1.4482,72.41,1.3824999999999998,6.100000000000001,5.40308938,WARNING
B0006,269,3.7583,4.1779,2.8318,2.0325,2.1393,32.09,36.66,2570.9,3726.5,1.4461,72.3,1.3461000000000003,4.569999999999993,5.43487763,WARNING
B0006,270,3.7285,4.1675,2.8199,1.956,2.1062,30.14,37.55,2657.9,3776.2,1.4477,72.38,1.3476000000000004,7.409999999999997,5.39774945,WARNING
B0006,271,3.746,4.1715,2.8054,2.0934,2.1803,31.4,38.27,2470.8,3691.3,1.4438,72.19,1.3660999999999999,6.8700000000000045,5.4084748,WARNING
B0006,272,3.7358,4.1733,2.8236,1.9559,2.1897,31.55,35.5,2638.4,3783.1,1.4417,72.08,1.3497000000000003,3.9499999999999993,5.38590286,WARNING
B0006,273,3.7469,4.1793,2.7609,1.9474,2.0821,32.53,38.12,2680.2,3689.2,1.4381,71.91,1.4183999999999997,5.589999999999996,5.38841689,WARNING
B0006,274,3.7206,4.168,2.8119,2.05,2.1363,32.09,36.91,2534.2,3691.5,1.4369,71.84,1.3561,4.819999999999993,5.3461301400000005,WARNING
B0006,275,3.7273,4.1765,2.7715,1.9605,2.1984,32.02,37.3,2653.7,3683.9,1.4328,71.64,1.4049999999999998,5.279999999999994,5.3404754400000005,WARNING
B0006,276,3.7375,4.1754,2.7482,1.9809,2.1501,32.72,38.34,2583.9,3750.7,1.4283,71.41,1.4271999999999996,5.6200000000000045,5.338271249999999,WARNING
B0006,277,3.7362,4.1708,2.7406,1.986,2.0978,31.83,38.68,2516.9,3787.9,1.4236,71.18,1.4301999999999997,6.850000000000001,5.31885432,WARNING
B0006,278,3.7384,4.1697,2.7433,1.9609,2.2129,31.07,36.14,2612.7,3735.6,1.4208,71.04,1.4263999999999997,5.07,5.3115187200000005,WARNING
B0006,279,3.7386,4.1753,2.7651,2.0097,2.1807,31.18,35.44,2560.2,3839.6,1.418,70.9,1.4102000000000001,4.259999999999998,5.301334799999999,WARNING
B0006,280,3.741,4.1705,2.8078,1.9961,2.1444,32.73,37.32,2513.1,3775.3,1.4148,70.74,1.3626999999999998,4.590000000000003,5.292766800000001,WARNING
B0006,281,3.723,4.1824,2.7716,2.0247,2.1509,31.32,38.52,2520.6,3714.1,1.4123,70.62,1.4108000000000005,7.200000000000003,5.2579929000000005,WARNING
B0006,282,3.7295,4.1663,2.7503,2.0135,2.1385,33.25,37.83,2494.9,3747.3,1.4086,70.43,1.4159999999999995,4.579999999999998,5.2533737,WARNING
B0006,283,3.7355,4.1733,2.7775,2.0651,2.2279,32.61,39.08,2528.9,3701.3,1.4069,70.35,1.3958000000000004,6.469999999999999,5.25547495,WARNING
B0006,284,3.7292,4.1758,2.7782,1.9591,2.1503,32.94,36.64,2555.2,3704.1,1.4035,70.18,1.3975999999999997,3.700000000000003,5.2339322,WARNING
B0006,285,3.7546,4.1615,2.7739,1.9538,2.1802,31.94,38.11,2579.4,3787.5,1.3999,70.0,1.3876000000000004,6.169999999999998,5.25606454,WARNING
B0006,286,3.7186,4.1666,2.7776,1.9592,2.178,33.03,37.46,2539.0,3732.0,1.3942,69.71,1.3889999999999998,4.43,5.184472120000001,WARNING
B0006,287,3.7399,4.16,2.7511,1.9798,2.1261,29.88,36.16,2489.9,3738.9,1.3909,69.54,1.4089,6.279999999999998,5.20182691,WARNING
B0006,288,3.7253,4.1752,2.7855,2.0075,2.1536,31.51,37.34,2438.1,3734.0,1.3882,69.41,1.3897000000000004,5.830000000000002,5.17146146,WARNING
B0006,289,3.7547,4.1699,2.7786,1.8572,2.137,31.86,39.61,2694.5,3764.3,1.384,69.2,1.3913000000000002,7.75,5.1965048,WARNING
B0007,1,3.8517,4.1972,2.9917,2.0315,2.1406,24.9,28.01,3371.1,3597.5,1.9123,95.62,1.2054999999999998,3.110000000000003,7.365605910000001,GOOD
B0007,2,3.8574,4.2116,2.9874,2.0187,2.1755,26.07,27.81,3357.3,3611.7,1.913,95.65,1.2241999999999997,1.7399999999999984,7.3792062000000005,GOOD
B0007,3,3.8436,4.199,3.0005,2.0181,2.1596,24.9,28.49,3400.4,3627.2,1.911,95.55,1.1984999999999997,3.59,7.3451196,GOOD
B0007,4,3.8495,4.1915,2.9894,2.0284,2.119,24.84,25.73,3348.7,3557.7,1.9099,95.5,1.2020999999999997,0.8900000000000006,7.352160049999999,GOOD
B0007,5,3.853,4.1992,2.9883,1.981,2.1715,25.3,27.84,3506.1,3680.5,1.908,95.4,1.2109,2.539999999999999,7.351524,GOOD
B0007,6,3.8554,4.2148,3.0008,2.0058,2.1483,25.54,28.96,3386.5,3601.9,1.9076,95.38,1.2140000000000004,3.4200000000000017,7.35456104,GOOD
B0007,7,3.8441,4.1948,3.0012,1.9172,2.1346,25.95,27.57,3526.6,3613.8,1.9085,95.43,1.1936,1.620000000000001,7.3364648500000005,GOOD
B0007,8,3.844,4.1956,3.0331,1.9221,2.235,24.89,28.46,3555.2,3579.3,1.9074,95.37,1.1624999999999996,3.5700000000000003,7.3320456,GOOD
B0007,9,3.8554,4.192,3.0001,1.8908,2.1582,25.9,27.04,3650.2,3606.6,1.9065,95.32,1.1919,1.1400000000000006,7.3503201,GOOD
B0007,10,3.8332,4.2131,2.9442,1.9835,2.099,26.73,28.09,3448.2,3622.7,1.9027,95.14,1.2689,1.3599999999999994,7.29342964,GOOD
B0007,11,3.8367,4.1926,2.9946,2.0189,2.1709,26.81,26.21,3387.5,3653.2,1.9009,95.04,1.1979999999999995,-0.5999999999999979,7.29318303,GOOD
B0007,12,3.8101,4.1923,2.997,2.0146,2.1702,24.68,28.68,3365.3,3616.4,1.8992,94.96,1.1953000000000005,4.0,7.23614192,GOOD
B0007,13,3.8325,4.2065,2.9555,1.9929,2.1247,26.79,29.05,3407.7,3595.3,1.8972,94.86,1.2510000000000003,2.2600000000000016,7.271019,GOOD
B0007,14,3.8302,4.1898,2.9946,2.0157,2.17,25.89,30.26,3329.5,3558.9,1.8931,94.66,1.1951999999999998,4.370000000000001,7.25095162,GOOD
B0007,15,3.8274,4.1912,3.0253,1.919,2.1395,25.33,29.83,3490.4,3624.1,1.8905,94.52,1.1659000000000002,4.5,7.2356997000000005,GOOD
B0007,16,3.853,4.1939,3.0186,1.955,2.0761,24.77,28.3,3512.1,3557.7,1.8896,94.48,1.1753,3.530000000000001,7.280628800000001,GOOD
B0007,17,3.8576,4.1914,2.9828,1.9921,2.1565,24.83,27.67,3424.2,3572.7,1.8892,94.46,1.2085999999999997,2.8400000000000034,7.28777792,GOOD
B0007,18,3.8612,4.2006,3.021,2.0392,2.112,25.53,27.61,3285.3,3591.1,1.889,94.45,1.1795999999999998,2.0799999999999983,7.2938068000000005,GOOD
B0007,19,3.8465,4.1911,2.9752,1.9929,2.0993,26.05,28.44,3365.0,3551.6,1.8859,94.3,1.2158999999999995,2.3900000000000006,7.254114349999999,GOOD
B0007,20,3.8363,4.204,3.0154,2.0511,2.134,23.5,29.01,3367.2,3608.6,1.8827,94.13,1.1885999999999997,5.510000000000002,7.22260201,GOOD
B0007,21,3.8315,4.197,2.9612,1.8718,2.1471,24.9,30.51,3624.9,3629.3,1.8832,94.16,1.2358000000000002,5.610000000000003,7.2154808,GOOD
B0007,22,3.8426,4.1895,2.9616,2.0544,2.1563,25.23,29.26,3312.0,3690.6,1.8814,94.07,1.2279,4.030000000000001,7.22946764,GOOD
B0007,23,3.8249,4.1971,2.9938,2.0498,2.1015,25.78,27.91,3283.6,3645.3,1.8793,93.97,1.2033,2.129999999999999,7.18813457,GOOD
B0007,24,3.8302,4.1968,2.9701,2.1446,2.1584,24.93,30.16,3190.7,3683.7,1.8765,93.82,1.2266999999999997,5.23,7.1873703,GOOD
B0007,25,3.8506,4.1958,2.9759,1.9854,2.1379,26.62,28.88,3423.6,3639.6,1.8721,93.6,1.2199,2.259999999999998,7.208708260000001,GOOD
B0007,26,3.8138,4.1912,2.9707,2.0067,2.1306,26.21,28.38,3365.1,3617.7,1.8714,93.57,1.2205000000000004,2.169999999999998,7.13714532,GOOD
B0007,27,3.8246,4.2083,2.9665,1.933,2.1435,28.27,29.84,3496.0,3645.3,1.8674,93.37,1.2418000000000005,1.5700000000000003,7.14205804,GOOD
B0007,28,3.8437,4.1972,3.0138,1.9946,2.1387,24.77,29.12,3377.4,3565.9,1.8664,93.32,1.1833999999999998,4.350000000000001,7.17388168,GOOD
B0007,29,3.8419,4.2022,3.001,2.0047,2.1189,25.06,30.78,3352.2,3684.3,1.8639,93.2,1.2012000000000005,5.720000000000002,7.16091741,GOOD
B0007,30,3.8493,4.192,2.9864,2.0432,2.1551,26.67,27.83,3301.9,3568.2,1.8661,93.3,1.2056,1.1599999999999966,7.18317873,GOOD
B0007,31,3.8281,4.1922,2.9642,1.9893,2.1751,25.52,27.5,3410.1,3582.0,1.8654,93.27,1.2279999999999998,1.9800000000000004,7.14093774,GOOD
B0007,32,3.8439,4.1978,2.9963,2.024,2.1242,27.54,29.31,3310.2,3654.6,1.8636,93.18,1.2014999999999998,1.7699999999999996,7.1634920399999995,GOOD
B0007,33,3.8428,4.2092,2.9681,1.9841,2.1535,26.68,27.65,3318.2,3593.0,1.8613,93.06,1.2410999999999999,0.9699999999999989,7.15260364,GOOD
B0007,34,3.83,4.1991,2.955,1.9287,2.1521,26.54,27.5,3498.8,3649.7,1.8613,93.06,1.2440999999999995,0.9600000000000009,7.128779,GOOD
B0007,35,3.8543,4.2075,2.9649,2.0055,2.1375,25.88,30.76,3295.2,3583.1,1.8582,92.91,1.2425999999999995,4.880000000000003,7.16206026,GOOD
B0007,36,3.8509,4.1946,2.9883,2.0171,2.195,25.96,30.29,3389.1,3641.9,1.8545,92.73,1.2063000000000001,4.329999999999998,7.14149405,GOOD
B0007,37,3.846,4.1945,3.0182,2.009,2.1418,25.26,30.39,3345.5,3598.6,1.8525,92.62,1.1762999999999995,5.129999999999999,7.124715,GOOD
B0007,38,3.8122,4.1971,2.9787,2.0854,2.1269,24.93,28.43,3153.2,3672.5,1.8498,92.49,1.2184,3.5,7.05180756,GOOD
B0007,39,3.8392,4.2022,2.9715,1.9952,2.14,25.73,27.82,3338.6,3617.9,1.8459,92.3,1.2307000000000006,2.09,7.08677928,GOOD
B0007,40,3.8354,4.1952,2.9506,2.0036,2.1721,25.09,29.49,3318.5,3591.3,1.8431,92.15,1.2445999999999997,4.399999999999999,7.06902574,GOOD
B0007,41,3.8371,4.1902,2.9742,1.9552,2.1819,27.9,28.57,3407.1,3591.4,1.8418,92.09,1.2159999999999997,0.6700000000000017,7.0671707800000005,GOOD
B0007,42,3.8142,4.1982,2.9489,1.9897,2.1191,26.71,28.63,3343.0,3607.2,1.8385,91.92,1.2492999999999999,1.9199999999999982,7.0124067000000005,GOOD
B0007,43,3.835,4.1919,2.9698,2.0765,2.1267,27.01,31.0,3159.6,3563.3,1.8366,91.83,1.2221000000000002,3.9899999999999984,7.043361,GOOD
B0007,44,3.8242,4.2049,2.9655,1.9599,2.1156,26.97,28.97,3370.5,3660.2,1.8342,91.71,1.2394000000000003,2.0,7.0143476399999996,GOOD
B0007,45,3.8313,4.1954,2.9777,2.0295,2.1434,26.18,29.2,3206.7,3632.8,1.8328,91.64,1.2177000000000002,3.0199999999999996,7.02200664,GOOD
B0007,46,3.8183,4.1915,2.9458,2.0362,2.1635,26.02,28.69,3235.5,3560.4,1.8285,91.42,1.2456999999999994,2.6700000000000017,6.98176155,GOOD
B0007,47,3.8443,4.189,2.9317,2.079,2.1316,27.08,29.49,3157.5,3641.0,1.8263,91.31,1.2572999999999999,2.41,7.02084509,GOOD
B0007,48,3.8328,4.1933,2.9352,2.0169,2.1421,26.07,28.47,3305.8,3659.1,1.8253,91.27,1.2580999999999998,2.3999999999999986,6.99600984,GOOD
B0007,49,3.8258,4.1865,2.9999,1.9969,2.1275,26.56,30.88,3284.2,3675.6,1.8221,91.1,1.1865999999999999,4.32,6.97099018,GOOD
B0007,50,3.8139,4.1916,2.9792,1.8644,2.1455,25.11,29.27,3502.9,3610.7,1.8187,90.94,1.2124000000000001,4.16,6.93633993,GOOD
B0007,51,3.8131,4.2064,2.9965,1.9419,2.1975,25.96,29.91,3367.2,3599.1,1.8174,90.87,1.2099000000000002,3.9499999999999993,6.92992794,GOOD
B0007,52,3.8311,4.1924,2.9323,1.9553,2.1008,26.31,28.62,3332.1,3680.8,1.8141,90.71,1.2601,2.3100000000000023,6.94999851,GOOD
B0007,53,3.8283,4.1943,2.9952,2.026,2.1402,25.18,30.25,3242.2,3601.2,1.8106,90.53,1.1991,5.07,6.93151998,GOOD
B0007,54,3.8229,4.1937,2.907,1.9889,2.1791,25.84,29.94,3250.2,3641.4,1.8082,90.41,1.2866999999999997,4.100000000000001,6.912567780000001,GOOD
B0007,55,3.8139,4.2012,2.9746,1.9698,2.1649,26.8,30.57,3250.5,3667.8,1.8064,90.32,1.2266,3.7699999999999996,6.88942896,GOOD
B0007,56,3.8222,4.2076,2.9612,1.9807,2.0838,27.51,28.61,3250.5,3614.7,1.805,90.25,1.2464000000000004,1.0999999999999979,6.899071,GOOD
B0007,57,3.8388,4.1935,2.9606,1.97,2.1542,26.48,30.96,3320.5,3648.3,1.8012,90.06,1.2329000000000003,4.48,6.91444656,GOOD
B0007,58,3.8379,4.1937,2.932,1.9798,2.1525,27.18,29.85,3235.9,3631.3,1.7995,89.98,1.2616999999999998,2.6700000000000017,6.90630105,GOOD
B0007,59,3.8292,4.1987,2.9732,1.9703,2.1315,25.64,30.76,3327.4,3616.9,1.7973,89.87,1.2254999999999998,5.120000000000001,6.88222116,GOOD
B0007,60,3.848,4.1963,2.9718,1.9623,2.1228,25.92,29.75,3275.9,3602.8,1.7999,89.99,1.2245,3.8299999999999983,6.9260152,GOOD
B0007,61,3.8242,4.1954,2.9402,1.9692,2.1586,26.63,30.91,3323.7,3602.8,1.7967,89.84,1.2552000000000003,4.280000000000001,6.870940139999999,GOOD
B0007,62,3.809,4.2042,2.9347,2.0345,2.1174,26.43,31.72,3149.2,3719.2,1.7936,89.68,1.2695000000000003,5.289999999999999,6.831822400000001,GOOD
B0007,63,3.8394,4.1957,2.9587,1.9287,2.1358,27.53,29.86,3348.0,3569.6,1.7915,89.57,1.2370000000000005,2.3299999999999983,6.8782851,GOOD
B0007,64,3.8412,4.1872,2.9631,2.0089,2.1429,26.38,29.75,3195.6,3669.2,1.79,89.5,1.2241,3.370000000000001,6.875748000000001,GOOD
B0007,65,3.8511,4.195,2.9365,2.0487,2.1687,25.3,29.24,3139.1,3569.2,1.7884,89.42,1.2585000000000002,3.9399999999999977,6.88730724,GOOD
B0007,66,3.8359,4.1933,2.9403,1.97,2.0911,25.26,32.21,3306.8,3610.0,1.7837,89.19,1.2529999999999997,6.949999999999999,6.842094830000001,GOOD
B0007,67,3.8308,4.1964,2.9179,1.9096,2.1855,25.09,30.2,3345.6,3615.1,1.7805,89.03,1.2784999999999997,5.109999999999999,6.8207394,GOOD
B0007,68,3.8126,4.1952,2.9484,2.1049,2.1084,26.72,30.81,3033.2,3580.5,1.778,88.9,1.2468,4.09,6.7788028,GOOD
B0007,69,3.8275,4.1868,2.9536,2.0851,2.1489,26.72,31.98,3034.4,3703.6,1.7743,88.72,1.2332,5.260000000000002,6.791133250000001,GOOD
B0007,70,3.8081,4.1897,2.9335,1.9083,2.1578,26.05,30.75,3302.3,3671.9,1.771,88.55,1.2562000000000002,4.699999999999999,6.7441451,GOOD
B0007,71,3.811,4.1947,2.9449,2.0741,2.119,26.65,29.84,3070.0,3656.8,1.768,88.4,1.2498,3.1900000000000013,6.737848,GOOD
B0007,72,3.8157,4.1976,2.9695,2.0247,2.1459,26.61,31.07,3147.9,3570.0,1.7666,88.33,1.2281000000000004,4.460000000000001,6.74081562,GOOD
B0007,73,3.8079,4.1856,2.9082,1.9892,2.1195,24.96,30.2,3177.3,3630.5,1.7638,88.19,1.2774,5.239999999999998,6.71637402,GOOD
B0007,74,3.8478,4.1952,2.9308,1.9968,2.1924,27.62,29.19,3148.1,3605.7,1.7623,88.12,1.2643999999999997,1.5700000000000003,6.78097794,GOOD
B0007,75,3.8111,4.1927,2.9547,2.0451,2.1402,25.57,29.58,3083.8,3587.7,1.7607,88.03,1.2380000000000004,4.009999999999998,6.71020377,GOOD
B0007,76,3.8019,4.1955,2.9056,2.0329,2.1458,28.11,29.53,3094.8,3623.2,1.7571,87.86,1.2898999999999998,1.4200000000000017,6.68031849,GOOD
B0007,77,3.814,4.1907,2.9315,1.8964,2.1798,29.21,30.99,3297.8,3597.1,1.7551,87.76,1.2591999999999994,1.7799999999999976,6.6939514,GOOD
B0007,78,3.8246,4.1908,2.9527,1.8968,2.1726,27.14,29.73,3282.6,3643.9,1.7522,87.61,1.2381000000000002,2.59,6.701464120000001,GOOD
B0007,79,3.815,4.1878,2.9406,2.091,2.1629,27.41,31.99,3024.2,3608.3,1.7483,87.42,1.2472000000000003,4.579999999999998,6.669764499999999,GOOD
B0007,80,3.8042,4.1865,2.9492,2.0399,2.1553,25.99,32.59,3072.8,3664.1,1.7482,87.41,1.2372999999999998,6.600000000000005,6.6505024399999995,GOOD
B0007,81,3.8207,4.1947,2.9213,2.0653,2.1026,26.19,32.13,3061.1,3742.1,1.746,87.3,1.2734,5.940000000000001,6.6709422,GOOD
B0007,82,3.8427,4.1825,2.9061,2.0448,2.0978,26.89,32.04,3084.9,3641.4,1.7437,87.18,1.2764000000000002,5.149999999999999,6.7005159899999995,GOOD
B0007,83,3.8198,4.1946,2.9204,2.0186,2.1824,26.9,30.97,3121.2,3663.6,1.742,87.1,1.2742000000000004,4.07,6.6540916,GOOD
B0007,84,3.8012,4.189,2.923,1.9548,2.096,24.5,32.14,3155.5,3704.7,1.7387,86.94,1.266,7.640000000000001,6.60914644,GOOD
B0007,85,3.8099,4.1946,2.9405,1.9449,2.1496,26.34,31.63,3191.2,3638.6,1.7356,86.78,1.2541000000000002,5.289999999999999,6.61246244,GOOD
B0007,86,3.8174,4.1997,2.9264,2.0609,2.1644,28.28,30.67,3049.1,3640.6,1.7335,86.68,1.2732999999999999,2.3900000000000006,6.6174629000000005,GOOD
B0007,87,3.7989,4.1942,2.9407,1.9353,2.1566,27.58,31.01,3249.1,3667.2,1.7349,86.75,1.2535000000000003,3.4300000000000033,6.5907116100000005,GOOD
B0007,88,3.8071,4.1964,2.9389,1.9309,2.1566,26.28,30.12,3210.9,3645.8,1.7327,86.64,1.2574999999999998,3.84,6.59656217,GOOD
B0007,89,3.8083,4.1893,2.9187,2.0524,2.0644,26.98,32.66,3050.0,3695.2,1.73,86.5,1.2706000000000004,5.679999999999996,6.588359,GOOD
B0007,90,3.7954,4.1818,2.9546,1.9748,2.1318,25.84,32.89,3123.1,3647.3,1.7344,86.72,1.2271999999999998,7.050000000000001,6.582741759999999,GOOD
B0007,91,3.8199,4.1906,2.8932,1.9595,2.1556,26.65,31.39,3200.8,3684.0,1.7311,86.55,1.2973999999999997,4.740000000000002,6.612628890000001,GOOD
B0007,92,3.8461,4.1946,2.9264,2.0545,2.221,26.15,30.99,2960.6,3653.7,1.7303,86.51,1.2682000000000002,4.84,6.65490683,GOOD
B0007,93,3.8122,4.1874,2.8846,2.0187,2.1937,26.85,31.7,3033.8,3664.8,1.7276,86.38,1.3028000000000004,4.849999999999998,6.5859567199999995,GOOD
B0007,94,3.801,4.1868,2.9169,2.0191,2.1106,27.03,31.25,3044.1,3718.9,1.7258,86.29,1.2698999999999998,4.219999999999999,6.5597658,GOOD
B0007,95,3.802,4.1856,2.96,2.0276,2.1219,28.26,31.53,3069.6,3633.7,1.7245,86.23,1.2256,3.2699999999999996,6.5565489999999995,GOOD
B0007,96,3.8167,4.1877,2.9595,1.9365,2.1961,27.31,31.66,3228.4,3622.8,1.7232,86.16,1.2282000000000006,4.350000000000001,6.57693744,GOOD
B0007,97,3.7706,4.1867,2.9039,1.9373,2.1436,27.73,32.1,3203.1,3621.9,1.7198,85.99,1.2828,4.370000000000001,6.48467788,GOOD
B0007,98,3.8127,4.1949,2.9371,2.0015,2.1231,26.93,30.88,3079.0,3659.7,1.7171,85.86,1.2577999999999996,3.9499999999999993,6.54678717,GOOD
B0007,99,3.8096,4.1902,2.9237,1.9742,2.1222,26.07,30.77,3139.6,3621.4,1.714,85.7,1.2664999999999997,4.699999999999999,6.5296544,GOOD
B0007,100,3.817,4.1926,2.8984,2.0499,2.1838,26.6,30.68,3042.2,3644.1,1.7119,85.6,1.2941999999999996,4.079999999999998,6.5343223,GOOD
B0007,101,3.7886,4.1887,2.8959,1.9793,2.151,28.69,31.24,3146.5,3707.7,1.7123,85.61,1.2927999999999997,2.549999999999997,6.48721978,GOOD
B0007,102,3.8135,4.18,2.9276,2.0524,2.1476,28.95,32.43,3013.4,3694.5,1.7083,85.41,1.2523999999999997,3.4800000000000004,6.51460205,GOOD
B0007,103,3.7714,4.1872,2.9415,1.9596,2.1433,26.74,33.39,3183.7,3616.1,1.7055,85.28,1.2456999999999998,6.650000000000002,6.4321227,GOOD
B0007,104,3.7982,4.1927,2.927,2.0406,2.16,29.95,30.61,2953.2,3636.3,1.7031,85.15,1.2657000000000003,0.6600000000000001,6.46871442,GOOD
B0007,105,3.7856,4.1845,2.8976,1.9523,2.1655,27.22,31.5,3166.4,3621.8,1.7026,85.13,1.2868999999999997,4.280000000000001,6.4453625599999995,GOOD
B0007,106,3.8131,4.1797,2.8675,2.0173,2.1648,29.3,31.87,3059.4,3645.2,1.7006,85.03,1.3122000000000003,2.5700000000000003,6.48455786,GOOD
B0007,107,3.8322,4.1787,2.9227,2.1068,2.1585,29.0,31.12,2900.3,3654.8,1.6979,84.9,1.2560000000000002,2.120000000000001,6.50669238,GOOD
B0007,108,3.7893,4.1837,2.93,2.0436,2.1597,28.36,31.62,3027.6,3654.4,1.6982,84.91,1.2536999999999998,3.2600000000000016,6.434989259999999,GOOD
B0007,109,3.8024,4.1925,2.9044,2.0488,2.116,26.85,32.5,2977.1,3636.3,1.6958,84.79,1.2881,5.649999999999999,6.44810992,GOOD
B0007,110,3.7969,4.188,2.94,2.077,2.1972,27.52,33.08,2904.9,3618.7,1.6924,84.62,1.2479999999999998,5.559999999999999,6.425873559999999,GOOD
B0007,111,3.8307,4.1846,2.9087,1.9545,2.1709,27.47,30.58,3131.3,3598.2,1.6929,84.64,1.2758999999999996,3.1099999999999994,6.484992030000001,GOOD
B0007,112,3.7736,4.1817,2.914,1.9018,2.1056,27.8,31.38,3261.7,3729.4,1.6915,84.58,1.2677,3.5799999999999983,6.3830444,GOOD
B0007,113,3.8132,4.1924,2.8977,1.9252,2.1496,27.69,31.52,3173.8,3626.5,1.6902,84.51,1.2947000000000002,3.8299999999999983,6.44507064,GOOD
B0007,114,3.806,4.1905,2.8853,2.0464,2.0969,27.39,31.73,2952.5,3634.4,1.6892,84.46,1.3052000000000001,4.34,6.4290952,GOOD
B0007,115,3.7912,4.2007,2.9167,2.0046,2.1643,29.9,31.03,2991.7,3627.3,1.6846,84.23,1.2840000000000003,1.1300000000000026,6.386655520000001,GOOD
B0007,116,3.7777,4.1885,2.9411,2.0076,2.1412,27.41,32.96,2991.6,3731.9,1.6822,84.11,1.2474000000000003,5.550000000000001,6.35484694,GOOD
B0007,117,3.8071,4.1882,2.927,2.0547,2.1258,27.5,30.77,2951.3,3685.2,1.6774,83.87,1.2612,3.2699999999999996,6.38602954,GOOD
B0007,118,3.796,4.1815,2.8876,2.0276,2.128,27.71,30.5,2982.5,3657.2,1.6767,83.83,1.2938999999999998,2.789999999999999,6.3647532,GOOD
B0007,119,3.7996,4.189,2.8885,1.9262,2.2042,27.47,32.07,3161.1,3800.7,1.6752,83.76,1.3005,4.600000000000001,6.36508992,GOOD
B0007,120,3.8087,4.1859,2.9148,1.9461,2.1308,27.68,32.19,3110.5,3741.7,1.677,83.85,1.2711000000000001,4.509999999999998,6.3871899,GOOD
B0007,121,3.8105,4.1866,2.8836,1.9736,2.1287,28.34,30.58,3071.1,3655.8,1.6739,83.7,1.3030000000000004,2.2399999999999984,6.37839595,GOOD
B0007,122,3.7903,4.1833,2.8943,1.9785,2.1742,28.69,34.18,3024.9,3527.1,1.6706,83.53,1.2890000000000001,5.489999999999998,6.33207518,GOOD
B0007,123,3.8043,4.1913,2.9077,1.9752,2.2014,27.25,32.03,3009.0,3662.3,1.6687,83.44,1.2835999999999999,4.780000000000001,6.34823541,GOOD
B0007,124,3.7983,4.1869,2.8669,1.9857,2.1845,27.9,32.02,3050.6,3649.5,1.6644,83.22,1.3199999999999998,4.1200000000000045,6.32189052,GOOD
B0007,125,3.7807,4.1909,2.9329,2.0504,2.094,27.61,32.13,2945.6,3609.2,1.6604,83.02,1.258,4.520000000000003,6.27747428,GOOD
B0007,126,3.7755,4.1833,2.8742,2.0799,2.1306,28.7,32.43,2871.9,3639.3,1.6592,82.96,1.3091,3.7300000000000004,6.2643096,GOOD
B0007,127,3.8015,4.1878,2.8865,1.9785,2.1677,28.36,32.57,2990.3,3741.3,1.6558,82.79,1.3013000000000003,4.210000000000001,6.294523699999999,GOOD
B0007,128,3.7983,4.1863,2.9367,1.9855,2.1385,28.29,31.79,3002.2,3758.9,1.654,82.7,1.2496,3.5,6.2823882,GOOD
B0007,129,3.8023,4.1835,2.931,2.097,2.1756,28.75,32.28,2846.4,3631.1,1.6512,82.56,1.2525000000000004,3.530000000000001,6.27835776,GOOD
B0007,130,3.7757,4.1891,2.8684,1.975,2.1482,29.05,31.97,3041.1,3702.6,1.6501,82.5,1.3207,2.919999999999998,6.23028257,GOOD
B0007,131,3.8144,4.1855,2.8852,1.986,2.1499,27.94,31.75,2966.4,3671.1,1.6489,82.44,1.3003,3.8099999999999987,6.28956416,GOOD
B0007,132,3.8051,4.1871,2.8959,2.0296,2.1926,29.47,33.96,2946.8,3749.4,1.6466,82.33,1.2912,4.490000000000002,6.26547766,GOOD
B0007,133,3.8017,4.1979,2.8391,1.9893,2.1876,29.11,35.22,2977.7,3649.3,1.6436,82.18,1.3587999999999996,6.109999999999999,6.248474119999999,GOOD
B0007,134,3.8012,4.1947,2.9255,1.9972,2.1576,27.86,32.18,2990.3,3731.1,1.6416,82.08,1.2692,4.32,6.24004992,GOOD
B0007,135,3.7996,4.1853,2.9093,1.9806,2.0922,29.18,32.42,2974.8,3684.9,1.6399,82.0,1.2759999999999998,3.240000000000002,6.230964039999999,GOOD
B0007,136,3.8024,4.1783,2.9023,1.9045,2.1731,29.29,31.39,3104.3,3710.3,1.637,81.85,1.2760000000000002,2.1000000000000014,6.2245288,GOOD
B0007,137,3.8053,4.1724,2.9124,2.0015,2.1423,29.21,34.52,2955.5,3732.8,1.6351,81.75,1.2599999999999998,5.310000000000002,6.22204603,GOOD
B0007,138,3.8048,4.1855,2.8738,1.9036,2.1684,29.15,34.17,3126.3,3638.1,1.6345,81.72,1.3117,5.020000000000003,6.2189456000000005,GOOD
B0007,139,3.8153,4.1848,2.8894,1.9533,2.1944,27.27,33.4,2987.0,3625.2,1.6304,81.52,1.2953999999999999,6.129999999999999,6.22046512,GOOD
B0007,140,3.7908,4.1797,2.8891,2.0885,2.156,30.1,31.92,2771.5,3628.9,1.6302,81.51,1.2906000000000004,1.8200000000000003,6.17976216,GOOD
B0007,141,3.8344,4.1776,2.8996,1.965,2.1433,27.52,33.81,2980.8,3714.0,1.6277,81.39,1.278,6.290000000000003,6.241252879999999,GOOD
B0007,142,3.7642,4.1913,2.8461,1.9065,2.1225,27.83,34.37,3063.3,3720.9,1.625,81.25,1.3452000000000002,6.539999999999999,6.116825,GOOD
B0007,143,3.7976,4.1881,2.8995,1.9768,2.1387,28.34,31.35,2953.5,3656.2,1.6232,81.16,1.2886000000000002,3.0100000000000016,6.16426432,GOOD
B0007,144,3.7938,4.1923,2.8862,1.9719,2.1517,29.18,31.27,2936.0,3644.2,1.62,81.0,1.3061000000000003,2.09,6.145956000000001,GOOD
B0007,145,3.7999,4.186,2.8344,1.9174,2.1428,28.22,33.08,3021.8,3733.8,1.6169,80.85,1.3516,4.859999999999999,6.14405831,GOOD
B0007,146,3.7961,4.1895,2.8972,2.0394,2.1779,28.17,32.01,2793.6,3658.5,1.6172,80.86,1.2922999999999996,3.8399999999999963,6.13905292,GOOD
B0007,147,3.8086,4.1839,2.8618,1.9406,2.2097,28.66,32.36,3000.7,3749.4,1.6156,80.78,1.3221000000000003,3.6999999999999993,6.15317416,GOOD
B0007,148,3.8011,4.1911,2.8438,1.9681,2.1818,28.14,33.59,2928.6,3656.2,1.6135,80.67,1.3472999999999997,5.450000000000003,6.13307485,GOOD
B0007,149,3.8,4.1861,2.8828,2.1254,2.2022,27.14,32.77,2802.6,3651.5,1.6116,80.58,1.3032999999999997,5.630000000000003,6.124079999999999,GOOD
B0007,150,3.7836,4.1873,2.8779,2.0888,2.1056,28.86,33.32,2801.4,3641.2,1.6113,80.56,1.3093999999999997,4.460000000000001,6.096514679999999,GOOD
B0007,151,3.792,4.1863,2.909,1.9365,2.1846,30.67,32.91,2955.8,3659.2,1.6108,80.54,1.2773000000000003,2.239999999999995,6.1081536,GOOD
B0007,152,3.7977,4.1818,2.9095,1.9443,2.0978,29.69,31.05,2971.6,3800.7,1.6082,80.41,1.2723,1.3599999999999994,6.10746114,GOOD
B0007,153,3.772,4.1844,2.8766,2.008,2.1699,27.99,35.04,2886.0,3705.6,1.6057,80.28,1.3078000000000003,7.050000000000001,6.0567003999999995,GOOD
B0007,154,3.8077,4.1833,2.8824,1.9533,2.1201,29.4,32.95,2930.3,3651.3,1.6039,80.19,1.3009,3.5500000000000043,6.107170030000001,GOOD
B0007,155,3.7786,4.1839,2.8763,1.9041,2.1059,29.14,32.69,3057.6,3716.2,1.6004,80.02,1.3076000000000003,3.549999999999997,6.04727144,GOOD
B0007,156,3.8149,4.184,2.8882,1.9708,2.2236,30.49,33.47,2928.8,3732.4,1.597,79.85,1.2958000000000003,2.9800000000000004,6.092395300000001,WARNING
B0007,157,3.7774,4.1887,2.876,2.0091,2.125,27.55,33.73,2884.4,3669.5,1.5946,79.73,1.3127,6.179999999999996,6.02344204,WARNING
B0007,158,3.7762,4.1789,2.8723,1.9959,2.1731,28.33,34.9,2927.4,3677.4,1.5903,79.51,1.3065999999999995,6.57,6.00529086,WARNING
B0007,159,3.7706,4.1895,2.8937,2.0432,2.1495,26.61,32.92,2776.0,3640.4,1.5862,79.31,1.2957999999999998,6.310000000000002,5.98092572,WARNING
B0007,160,3.7797,4.1799,2.8508,1.9642,2.1836,28.47,33.09,2888.4,3693.6,1.5834,79.17,1.3291,4.6200000000000045,5.9847769799999995,WARNING
B0007,161,3.7399,4.189,2.8999,1.9475,2.1208,28.66,32.88,2927.9,3602.6,1.5803,79.01,1.2891,4.220000000000002,5.91016397,WARNING
B0007,162,3.8083,4.1792,2.8953,2.0178,2.0957,29.56,33.55,2803.5,3690.8,1.579,78.95,1.2838999999999996,3.9899999999999984,6.0133057,WARNING
B0007,163,3.7954,4.1896,2.8778,1.9312,2.1358,31.43,34.43,3008.6,3737.3,1.5758,78.79,1.3118000000000003,3.0,5.98079132,WARNING
B0007,164,3.7889,4.1834,2.834,2.0009,2.1863,28.62,34.15,2855.5,3645.6,1.5729,78.65,1.3493999999999997,5.529999999999998,5.95956081,WARNING
B0007,165,3.7687,4.1794,2.8422,1.955,2.1926,28.39,33.9,2877.5,3729.7,1.5708,78.54,1.3372000000000002,5.509999999999998,5.919873959999999,WARNING
B0007,166,3.7966,4.1849,2.8626,1.9404,2.2083,28.54,34.47,2938.3,3660.8,1.5666,78.33,1.3222999999999998,5.93,5.947753560000001,WARNING
B0007,167,3.7947,4.1919,2.857,1.9357,2.1348,29.34,33.9,2894.6,3607.1,1.5627,78.14,1.3349000000000002,4.559999999999999,5.92997769,WARNING
B0007,168,3.8124,4.1855,2.8778,2.0286,2.1619,29.95,34.28,2758.2,3652.2,1.5595,77.98,1.3077,4.330000000000002,5.9454378,WARNING
B0007,169,3.7871,4.1815,2.8711,2.022,2.175,30.25,33.99,2733.2,3670.7,1.5572,77.86,1.3103999999999996,3.740000000000002,5.89727212,WARNING
B0007,170,3.7545,4.1899,2.8668,2.0191,2.191,28.75,34.52,2768.3,3677.6,1.5545,77.72,1.3230999999999997,5.770000000000003,5.83637025,WARNING
B0007,171,3.8066,4.181,2.8772,1.9062,2.1854,30.12,34.08,2925.7,3701.5,1.5528,77.64,1.3037999999999998,3.9599999999999973,5.91088848,WARNING
B0007,172,3.7548,4.1867,2.8442,1.999,2.1426,28.96,34.01,2752.6,3727.2,1.5474,77.37,1.3425000000000002,5.049999999999997,5.81017752,WARNING
B0007,173,3.7889,4.1811,2.8382,2.0101,2.1033,29.36,32.63,2784.2,3649.5,1.5468,77.34,1.3428999999999998,3.270000000000003,5.860670519999999,WARNING
B0007,174,3.7848,4.1787,2.8596,1.9243,2.1689,30.76,36.88,2892.6,3718.5,1.5447,77.24,1.3191000000000002,6.120000000000001,5.84638056,WARNING
B0007,175,3.8025,4.1864,2.8503,2.0619,2.1424,29.01,34.6,2664.2,3728.4,1.5442,77.21,1.3361,5.59,5.8718205,WARNING
B0007,176,3.7638,4.1779,2.8744,1.9692,2.1096,28.92,34.13,2785.0,3641.9,1.5428,77.14,1.3035,5.210000000000001,5.806790639999999,WARNING
B0007,177,3.7663,4.1807,2.8511,1.9789,2.1686,30.18,33.89,2760.0,3739.5,1.5375,76.88,1.3295999999999997,3.710000000000001,5.79068625,WARNING
B0007,178,3.8048,4.171,2.8615,2.0959,2.1394,29.27,34.53,2619.8,3676.5,1.535,76.75,1.3095000000000003,5.260000000000002,5.840368,WARNING
B0007,179,3.769,4.1882,2.866,2.0125,2.1743,29.26,33.49,2723.6,3689.6,1.5327,76.63,1.3222,4.23,5.7767463,WARNING
B0007,180,3.7705,4.1799,2.7917,2.0279,2.1473,29.57,32.81,2737.3,3756.1,1.5352,76.76,1.3881999999999999,3.240000000000002,5.7884716,WARNING
B0007,181,3.7874,4.1775,2.8537,1.9234,2.1736,29.65,33.12,2844.7,3692.9,1.5327,76.64,1.3238000000000003,3.469999999999999,5.80494798,WARNING
B0007,182,3.7994,4.1811,2.8271,2.0119,2.2035,28.25,33.42,2754.1,3697.1,1.5289,76.44,1.3539999999999996,5.170000000000002,5.808902659999999,WARNING
B0007,183,3.7801,4.1866,2.8516,1.9907,2.1677,29.36,35.55,2821.9,3655.8,1.5268,76.34,1.3350000000000004,6.189999999999998,5.77145668,WARNING
B0007,184,3.782,4.1752,2.8267,1.8975,2.1385,29.57,33.92,2936.2,3744.6,1.5256,76.28,1.3485,4.350000000000001,5.769819200000001,WARNING
B0007,185,3.7767,4.1874,2.8582,2.0104,2.136,27.81,35.11,2757.5,3631.5,1.5206,76.03,1.3292000000000002,7.300000000000001,5.74285002,WARNING
B0007,186,3.7905,4.1796,2.8751,1.993,2.1342,30.65,33.58,2720.0,3657.2,1.5179,75.89,1.3044999999999995,2.9299999999999997,5.753599950000001,WARNING
B0007,187,3.7775,4.1787,2.8602,1.9133,2.1163,29.72,36.01,2864.7,3669.9,1.5165,75.82,1.3185000000000002,6.289999999999999,5.72857875,WARNING
B0007,188,3.7651,4.181,2.8024,1.9393,2.1279,29.49,34.53,2795.0,3714.2,1.5155,75.78,1.3786,5.040000000000003,5.7060090500000005,WARNING
B0007,189,3.7688,4.1843,2.86,1.9273,2.149,30.44,35.67,2836.6,3685.2,1.5126,75.63,1.3243000000000005,5.23,5.70068688,WARNING
B0007,190,3.7861,4.1816,2.8526,1.9875,2.1099,29.61,33.97,2713.8,3752.4,1.5094,75.47,1.3290000000000006,4.359999999999999,5.71473934,WARNING
B0007,191,3.7482,4.1755,2.8399,1.968,2.1595,28.78,35.64,2752.6,3681.9,1.5055,75.27,1.3356000000000003,6.859999999999999,5.642915100000001,WARNING
B0007,192,3.7669,4.1706,2.8466,1.984,2.1214,30.68,35.39,2799.9,3729.4,1.5027,75.14,1.3240000000000003,4.710000000000001,5.66052063,WARNING
B0007,193,3.7592,4.1782,2.8323,2.0054,2.1038,30.34,34.85,2710.1,3650.7,1.5008,75.04,1.3459000000000003,4.510000000000002,5.64180736,WARNING
B0007,194,3.7919,4.1763,2.827,2.0356,2.1209,29.66,36.27,2622.5,3758.8,1.4977,74.88,1.3493000000000004,6.610000000000003,5.67912863,WARNING
B0007,195,3.7552,4.1835,2.8462,2.0007,2.1269,29.96,32.76,2697.2,3749.4,1.4953,74.77,1.3373000000000004,2.799999999999997,5.61515056,WARNING
B0007,196,3.7655,4.176,2.813,1.8974,2.1146,29.71,36.01,2790.2,3709.8,1.4947,74.73,1.363,6.299999999999997,5.628292849999999,WARNING
B0007,197,3.7963,4.1832,2.855,2.035,2.1223,29.47,36.01,2577.2,3671.2,1.4916,74.58,1.3282000000000003,6.539999999999999,5.662561080000001,WARNING
B0007,198,3.7743,4.1781,2.8541,1.9946,2.1036,28.75,34.92,2666.9,3677.7,1.4904,74.52,1.3239999999999998,6.170000000000002,5.62521672,WARNING
B0007,199,3.7818,4.1891,2.8345,1.9679,2.1625,29.53,34.44,2713.3,3765.6,1.4865,74.32,1.3546,4.909999999999997,5.6216457,WARNING
B0007,200,3.7821,4.188,2.8581,1.9434,2.1766,30.81,35.65,2741.0,3721.9,1.4828,74.14,1.3298999999999999,4.84,5.608097879999999,WARNING
B0007,201,3.7549,4.1763,2.8533,1.9547,2.1257,30.63,35.17,2743.2,3651.3,1.4801,74.0,1.3230000000000004,4.540000000000003,5.55762749,WARNING
B0007,202,3.7593,4.1747,2.8283,2.0681,2.1391,31.81,33.01,2524.0,3754.0,1.4766,73.83,1.3463999999999996,1.1999999999999993,5.55098238,WARNING
B0007,203,3.7558,4.18,2.8518,1.9885,2.1545,30.08,33.62,2654.4,3702.0,1.4719,73.59,1.3281999999999998,3.539999999999999,5.52816202,WARNING
B0007,204,3.7424,4.1834,2.8394,1.9472,2.204,29.82,34.86,2735.1,3777.4,1.4689,73.45,1.3439999999999999,5.039999999999999,5.4972113600000005,WARNING
B0007,205,3.7804,4.1745,2.8377,1.9734,2.1711,30.76,36.81,2608.4,3677.3,1.4653,73.27,1.3368000000000002,6.050000000000001,5.539420120000001,WARNING
B0007,206,3.7466,4.1834,2.8579,1.9986,2.1074,30.05,36.67,2677.7,3711.3,1.4609,73.05,1.3255,6.620000000000001,5.47340794,WARNING
B0007,207,3.7933,4.1834,2.8162,2.0171,2.1589,29.67,35.59,2637.6,3691.7,1.4593,72.96,1.3672,5.920000000000002,5.53556269,WARNING
B0007,208,3.7405,4.1903,2.8347,2.0537,2.1566,29.54,35.24,2493.2,3731.5,1.455,72.75,1.3555999999999995,5.700000000000003,5.4424275,WARNING
B0007,209,3.7635,4.1829,2.8336,2.0303,2.1789,29.79,34.48,2522.7,3709.4,1.4519,72.59,1.3493,4.689999999999998,5.46422565,WARNING
B0007,210,3.7461,4.1782,2.8209,2.0214,2.2017,31.56,33.43,2601.0,3697.9,1.4508,72.54,1.3573000000000004,1.870000000000001,5.4348418800000005,WARNING
B0007,211,3.7596,4.1795,2.8342,1.9711,2.1231,29.92,35.62,2662.1,3739.6,1.4477,72.39,1.3453,5.699999999999996,5.4427729199999995,WARNING
B0007,212,3.7695,4.1836,2.8537,1.9971,2.1434,30.45,34.27,2599.8,3735.8,1.4455,72.27,1.3299000000000003,3.820000000000004,5.44881225,WARNING
B0007,213,3.7607,4.1798,2.8131,2.0352,2.1477,30.1,35.09,2548.5,3688.6,1.4418,72.09,1.3667000000000002,4.990000000000002,5.42217726,WARNING
B0007,214,3.7585,4.1866,2.8581,1.9554,2.1521,29.83,35.16,2707.8,3694.7,1.4382,71.91,1.3285000000000005,5.329999999999998,5.4054747,WARNING
B0007,215,3.7721,4.1735,2.8109,1.9397,2.1234,28.09,36.07,2724.6,3713.4,1.4348,71.74,1.3625999999999996,7.98,5.41220908,WARNING
B0007,216,3.754,4.1761,2.8068,2.043,2.1743,29.48,36.29,2572.1,3784.1,1.4337,71.68,1.3693,6.809999999999999,5.3821098,WARNING
B0007,217,3.7497,4.1924,2.8193,1.9704,2.1598,29.96,35.99,2568.2,3698.9,1.4273,71.37,1.3731,6.030000000000001,5.351946809999999,WARNING
B0007,218,3.7619,4.1789,2.8351,2.0585,2.1003,30.92,35.36,2493.5,3751.4,1.4229,71.15,1.3437999999999994,4.439999999999998,5.35280751,WARNING
B0007,219,3.7472,4.1684,2.8138,2.0665,2.1464,29.4,35.18,2431.6,3664.5,1.4215,71.07,1.3546,5.780000000000001,5.3266447999999995,WARNING
B0007,220,3.7444,4.1836,2.8226,2.0043,2.1416,31.12,36.48,2557.1,3732.6,1.4181,70.9,1.3610000000000002,5.359999999999996,5.30993364,WARNING
B0007,221,3.7697,4.1762,2.8232,1.9863,2.1363,29.97,36.2,2604.7,3757.3,1.4154,70.77,1.3529999999999998,6.230000000000004,5.33563338,WARNING
B0007,222,3.7805,4.1762,2.8344,1.9547,2.1543,30.8,34.29,2622.5,3764.8,1.414,70.7,1.3417999999999997,3.4899999999999984,5.3456269999999995,WARNING
B0007,223,3.7812,4.1768,2.8386,1.8891,2.2226,31.77,35.52,2630.4,3723.0,1.4113,70.57,1.3382,3.7500000000000036,5.3364075600000005,WARNING
B0007,224,3.7671,4.1797,2.802,2.056,2.1742,31.38,35.85,2426.7,3751.1,1.4101,70.51,1.3777000000000004,4.470000000000002,5.3119877099999995,WARNING
B0007,225,3.7392,4.1843,2.862,1.9979,2.2148,30.7,35.49,2517.3,3778.0,1.4075,70.38,1.3223000000000003,4.790000000000003,5.262924,WARNING
B0007,226,3.7706,4.1746,2.81,2.0515,2.1386,30.33,37.04,2514.4,3738.8,1.4055,70.28,1.3645999999999998,6.710000000000001,5.299578299999999,WARNING
B0007,227,3.7515,4.1777,2.8248,1.9506,2.1717,30.74,34.23,2562.2,3693.3,1.4034,70.17,1.3528999999999995,3.4899999999999984,5.2648551,WARNING
B0007,228,3.7871,4.1784,2.8008,2.011,2.1394,30.96,36.56,2543.5,3713.0,1.4005,70.03,1.3775999999999997,5.600000000000001,5.30383355,WARNING
B0007,229,3.772,4.1736,2.861,2.0163,2.1249,32.05,38.09,2490.8,3694.4,1.3956,69.78,1.3126000000000002,6.040000000000006,5.2642032,WARNING
B0007,230,3.7687,4.1834,2.8274,2.0051,2.1949,30.5,37.08,2492.2,3732.2,1.3929,69.64,1.3559999999999999,6.579999999999998,5.24942223,WARNING
B0007,231,3.7568,4.175,2.8421,1.9634,2.1278,32.47,37.06,2477.2,3692.9,1.3901,69.5,1.3329,4.590000000000003,5.222327679999999,WARNING
B0007,232,3.7429,4.1611,2.8117,1.9429,2.1518,29.5,36.2,2561.8,3776.1,1.3893,69.46,1.3494000000000002,6.700000000000003,5.20001097,WARNING
B0007,233,3.7686,4.1751,2.8533,1.9223,2.1079,30.76,38.41,2587.0,3709.2,1.3846,69.23,1.3217999999999996,7.649999999999995,5.2180035600000005,WARNING
B0007,234,3.7706,4.1814,2.8286,1.9685,2.1288,29.82,36.27,2497.5,3669.9,1.3834,69.17,1.3528000000000002,6.450000000000003,5.21624804,WARNING
B0007,235,3.7487,4.1738,2.8213,2.004,2.1414,31.02,35.23,2483.9,3723.5,1.3809,69.05,1.3525,4.209999999999997,5.17657983,WARNING
B0007,236,3.7705,4.172,2.813,2.0582,2.1778,30.93,35.9,2441.7,3745.0,1.3797,68.99,1.3589999999999995,4.969999999999999,5.20215885,WARNING
B0007,237,3.7433,4.1659,2.8135,1.9959,2.1841,31.21,37.63,2463.7,3764.0,1.3775,68.87,1.3523999999999998,6.420000000000002,5.15639575,WARNING
B0007,238,3.7665,4.1689,2.8143,1.9008,2.142,31.3,35.81,2572.9,3752.8,1.3751,68.76,1.3546,4.510000000000002,5.179314150000001,WARNING
B0007,239,3.7471,4.1763,2.8615,2.0577,2.1849,31.32,36.53,2328.9,3692.3,1.3723,68.61,1.3148000000000004,5.210000000000001,5.142145330000001,WARNING
B0007,240,3.7259,4.1778,2.807,2.1162,2.1389,30.64,37.46,2277.9,3660.7,1.373,68.65,1.3708000000000005,6.82,5.1156607,WARNING
B0007,241,3.7507,4.175,2.7885,2.012,2.1258,31.08,35.28,2444.4,3801.5,1.3692,68.46,1.3864999999999998,4.200000000000003,5.13545844,WARNING
B0007,242,3.7512,4.1748,2.8099,2.0234,2.1577,31.27,36.29,2434.6,3712.4,1.3667,68.34,1.3649000000000004,5.02,5.1267650399999996,WARNING
B0007,243,3.7923,4.1793,2.786,2.0115,2.1096,30.68,35.02,2443.0,3658.2,1.3659,68.29,1.3932999999999995,4.340000000000003,5.179902569999999,WARNING
B0007,244,3.7626,4.1715,2.808,1.956,2.1654,30.55,37.33,2453.1,3681.8,1.3624,68.12,1.3635000000000002,6.779999999999998,5.12616624,WARNING
B0007,245,3.7551,4.1783,2.8096,1.9746,2.0661,31.16,37.36,2561.1,3705.5,1.3607,68.03,1.3687,6.199999999999999,5.10956457,WARNING
B0007,246,3.7564,4.1741,2.8287,1.9596,2.1425,31.85,36.92,2530.5,3705.5,1.3584,67.92,1.3454000000000002,5.07,5.10269376,WARNING
B0007,247,3.7262,4.1672,2.828,2.0004,2.1776,31.25,36.64,2396.7,3722.4,1.3539,67.69,1.3392000000000004,5.390000000000001,5.04490218,WARNING
B0007,248,3.7517,4.1786,2.8147,1.9494,2.1757,30.95,36.42,2554.6,3747.9,1.3492,67.46,1.3639000000000001,5.470000000000002,5.06179364,WARNING
B0007,249,3.7514,4.1753,2.8345,2.002,2.2162,30.19,36.68,2399.2,3704.7,1.3469,67.35,1.3408000000000002,6.489999999999998,5.05276066,WARNING
B0007,250,3.7393,4.1837,2.8285,2.0201,2.1358,30.7,37.49,2405.0,3719.2,1.3445,67.22,1.3552,6.790000000000003,5.02748885,WARNING
B0007,251,3.763,4.1741,2.7835,1.9339,2.1575,33.01,35.67,2528.8,3698.5,1.3408,67.04,1.3906,2.6600000000000037,5.0454304,WARNING
B0007,252,3.7629,4.1735,2.8034,2.0115,2.1298,32.02,36.76,2353.5,3690.3,1.3383,66.91,1.3700999999999999,4.739999999999995,5.0358890700000005,WARNING
B0007,253,3.7496,4.1812,2.7767,2.0293,2.1629,30.72,38.39,2367.1,3806.9,1.3389,66.95,1.4044999999999996,7.670000000000002,5.02033944,WARNING
B0007,254,3.7444,4.1738,2.796,2.0358,2.2519,31.71,36.91,2332.9,3651.4,1.3378,66.89,1.3778000000000001,5.199999999999996,5.009258320000001,WARNING
B0018,1,3.8402,4.2052,3.0069,1.9482,2.1695,25.73,27.95,3600.6,3518.1,1.9488,97.44,1.1982999999999997,2.219999999999999,7.48378176,GOOD
B0018,2,3.8619,4.1959,2.9952,1.9571,2.1569,25.36,28.49,3549.0,3605.3,1.948,97.4,1.2006999999999999,3.129999999999999,7.522981199999999,GOOD
B0018,3,3.86,4.2002,2.959,1.9875,2.1994,26.13,28.57,3500.1,3603.6,1.9443,97.21,1.2411999999999996,2.4400000000000013,7.504998,GOOD
B0018,4,3.8625,4.2012,3.0139,1.9971,2.1469,24.73,28.56,3529.8,3630.3,1.9415,97.08,1.1873,3.8299999999999983,7.499043749999999,GOOD
B0018,5,3.8305,4.205,2.9995,2.0108,2.1558,26.53,27.73,3508.8,3611.8,1.9412,97.06,1.2055000000000002,1.1999999999999993,7.4357666,GOOD
B0018,6,3.8352,4.1964,3.0171,2.0614,2.1606,24.73,27.3,3424.3,3551.6,1.9413,97.06,1.1792999999999996,2.5700000000000003,7.44527376,GOOD
B0018,7,3.8827,4.1967,2.969,1.9117,2.2221,25.45,27.38,3646.8,3577.0,1.9395,96.98,1.2277,1.9299999999999997,7.53049665,GOOD
B0018,8,3.8586,4.1994,3.0077,2.0003,2.1539,23.41,29.19,3458.7,3570.7,1.9399,97.0,1.1917,5.780000000000001,7.48529814,GOOD
B0018,9,3.8155,4.1962,2.9798,1.9811,2.099,25.97,28.71,3497.1,3581.2,1.9387,96.94,1.2164000000000001,2.740000000000002,7.3971098500000005,GOOD
B0018,10,3.8421,4.1928,2.9903,1.9456,2.1288,25.21,29.41,3642.7,3659.5,1.9359,96.79,1.2025000000000001,4.199999999999999,7.43792139,GOOD
B0018,11,3.8795,4.2017,2.9716,2.0047,2.1303,24.28,27.21,3468.8,3635.7,1.9341,96.71,1.2300999999999997,2.9299999999999997,7.50334095,GOOD
B0018,12,3.8265,4.1973,3.0001,2.0076,2.1708,24.95,29.69,3462.4,3636.3,1.931,96.55,1.1972,4.740000000000002,7.388971499999999,GOOD
B0018,13,3.8457,4.1907,2.9729,1.9896,2.153,27.47,28.07,3450.0,3674.6,1.9296,96.48,1.2177999999999995,0.6000000000000014,7.42066272,GOOD
B0018,14,3.8271,4.2009,3.0055,2.0082,2.1598,24.84,28.99,3438.6,3501.2,1.9264,96.32,1.1953999999999998,4.149999999999999,7.3725254399999995,GOOD
B0018,15,3.8189,4.2036,2.9654,1.8773,2.0969,25.34,28.71,3647.7,3564.6,1.9243,96.21,1.2382,3.370000000000001,7.34870927,GOOD
B0018,16,3.8582,4.1923,2.9948,1.9131,2.1595,26.0,29.08,3647.3,3645.1,1.9224,96.12,1.1975000000000002,3.0799999999999983,7.4170036800000005,GOOD
B0018,17,3.8448,4.2075,2.9675,1.9897,2.1465,24.59,26.23,3496.9,3571.3,1.9183,95.92,1.2399999999999998,1.6400000000000006,7.37547984,GOOD
B0018,18,3.8666,4.2011,3.0204,2.006,2.1667,25.26,27.78,3456.6,3591.6,1.9169,95.84,1.1807000000000003,2.5199999999999996,7.41188554,GOOD
B0018,19,3.8338,4.1972,2.9829,2.0538,2.1373,26.42,27.76,3363.4,3582.0,1.9142,95.71,1.2142999999999997,1.3399999999999999,7.33865996,GOOD
B0018,20,3.8297,4.1944,2.9589,2.0052,2.1677,25.89,28.56,3411.0,3598.9,1.911,95.55,1.2355,2.669999999999998,7.3185567,GOOD
B0018,21,3.8454,4.1988,3.018,2.002,2.1608,25.58,28.41,3444.1,3593.7,1.9094,95.47,1.1808000000000005,2.830000000000002,7.34240676,GOOD
B0018,22,3.8586,4.1954,2.9901,1.8759,2.1444,25.16,28.89,3653.6,3616.7,1.9075,95.38,1.2053000000000003,3.7300000000000004,7.3602795,GOOD
B0018,23,3.8466,4.1891,2.9838,1.9531,2.185,24.81,29.8,3513.0,3538.3,1.9061,95.3,1.2052999999999998,4.990000000000002,7.33200426,GOOD
B0018,24,3.8531,4.2016,2.9548,2.0781,2.1493,26.31,27.63,3286.8,3628.6,1.9052,95.26,1.2468,1.3200000000000003,7.34092612,GOOD
B0018,25,3.7962,4.1965,2.9407,1.9465,2.1079,26.53,30.32,3531.0,3603.3,1.9037,95.18,1.2558000000000002,3.789999999999999,7.2268259399999994,GOOD
B0018,26,3.8566,4.1875,2.9577,2.0502,2.1864,26.12,27.87,3368.9,3667.5,1.9017,95.08,1.2298,1.75,7.334096219999999,GOOD
B0018,27,3.8018,4.1979,2.9901,1.9742,2.1556,25.26,28.08,3508.0,3622.1,1.8989,94.94,1.2077999999999998,2.8199999999999967,7.219238020000001,GOOD
B0018,28,3.8182,4.1929,2.9605,2.0073,2.1646,26.09,28.23,3432.1,3663.1,1.8983,94.91,1.2323999999999997,2.1400000000000006,7.248089060000001,GOOD
B0018,29,3.8229,4.1976,3.02,1.9471,2.1342,25.77,29.56,3447.1,3666.7,1.8966,94.83,1.1776000000000004,3.789999999999999,7.2505121400000005,GOOD
B0018,30,3.8316,4.1925,2.9783,2.0196,2.1256,25.7,30.9,3327.9,3598.2,1.8967,94.84,1.2142,5.199999999999999,7.26739572,GOOD
B0018,31,3.832,4.2113,2.9862,1.9478,2.0799,26.05,28.33,3540.1,3604.5,1.8945,94.72,1.2250999999999994,2.2799999999999976,7.259724,GOOD
B0018,32,3.8284,4.2017,2.9827,2.0878,2.1435,26.49,30.0,3284.6,3595.6,1.8932,94.66,1.2189999999999999,3.5100000000000016,7.24792688,GOOD
B0018,33,3.8353,4.1961,2.9575,1.894,2.1875,26.17,27.81,3615.2,3667.2,1.8906,94.53,1.2386000000000004,1.639999999999997,7.251018180000001,GOOD
B0018,34,3.823,4.1929,2.9618,2.0431,2.1644,28.08,27.55,3324.7,3539.9,1.8877,94.39,1.2310999999999996,-0.5299999999999976,7.2166771,GOOD
B0018,35,3.852,4.2037,2.9758,1.9043,2.1485,26.22,28.22,3555.7,3566.4,1.8851,94.25,1.2279000000000004,2.0,7.2614052,GOOD
B0018,36,3.8493,4.1998,2.9433,1.9648,2.1517,26.08,28.6,3465.9,3616.6,1.8838,94.19,1.2565,2.520000000000003,7.25131134,GOOD
B0018,37,3.8266,4.1933,2.984,2.0348,2.0998,26.28,29.22,3338.6,3593.9,1.8849,94.25,1.2092999999999998,2.9399999999999977,7.21275834,GOOD
B0018,38,3.8521,4.1968,2.9688,1.976,2.1816,24.93,28.53,3390.4,3627.0,1.883,94.15,1.2279999999999998,3.6000000000000014,7.2535043,GOOD
B0018,39,3.8295,4.1908,3.0015,2.0226,2.1583,25.82,30.03,3353.3,3600.2,1.8796,93.98,1.1893000000000002,4.210000000000001,7.1979282,GOOD
B0018,40,3.8187,4.1903,2.9621,2.0577,2.119,26.67,28.6,3232.0,3641.9,1.878,93.9,1.2281999999999997,1.9299999999999997,7.1715186,GOOD
B0018,41,3.8208,4.1881,2.9763,1.9538,2.1661,26.95,29.77,3477.3,3653.2,1.874,93.7,1.2118000000000002,2.8200000000000003,7.160179200000001,GOOD
B0018,42,3.8339,4.1997,2.9697,2.0196,2.2416,26.24,27.97,3328.9,3608.6,1.8708,93.54,1.23,1.7300000000000004,7.17246012,GOOD
B0018,43,3.8471,4.2014,2.9635,1.9304,2.153,25.64,29.72,3482.1,3670.2,1.8691,93.46,1.2378999999999998,4.079999999999998,7.19061461,GOOD
B0018,44,3.8243,4.1887,2.9638,1.9978,2.1421,26.72,28.16,3341.0,3624.1,1.8668,93.34,1.2248999999999999,1.4400000000000013,7.1392032400000005,GOOD
B0018,45,3.8266,4.1952,2.9777,1.995,2.0909,25.64,30.07,3389.0,3655.2,1.8654,93.27,1.2174999999999998,4.43,7.1381396399999995,GOOD
B0018,46,3.8334,4.1967,2.9429,1.8913,2.1075,25.59,28.25,3535.5,3604.5,1.8621,93.1,1.2538,2.66,7.13817414,GOOD
B0018,47,3.8167,4.196,2.954,1.9497,2.1282,24.53,30.39,3474.4,3612.8,1.8589,92.94,1.2419999999999995,5.859999999999999,7.09486363,GOOD
B0018,48,3.8264,4.1911,2.9757,2.016,2.0626,25.37,27.63,3362.4,3617.1,1.8568,92.84,1.2153999999999998,2.259999999999998,7.10485952,GOOD
B0018,49,3.8251,4.2006,2.978,1.9892,2.2015,26.37,28.25,3359.2,3645.2,1.8545,92.72,1.2225999999999995,1.879999999999999,7.09364795,GOOD
B0018,50,3.8238,4.2038,2.9363,1.8618,2.1986,25.27,29.46,3570.9,3674.3,1.8526,92.63,1.2675,4.190000000000001,7.08397188,GOOD
B0018,51,3.8102,4.2017,2.986,2.001,2.178,27.1,29.53,3321.5,3649.1,1.8488,92.44,1.2156999999999996,2.4299999999999997,7.04429776,GOOD
B0018,52,3.8239,4.1888,2.9869,1.9817,2.1583,26.13,29.54,3364.7,3596.8,1.8487,92.44,1.2018999999999997,3.41,7.06924393,GOOD
B0018,53,3.8257,4.1926,2.9654,1.9777,2.1983,26.83,28.51,3378.4,3598.9,1.8469,92.34,1.2271999999999998,1.6800000000000033,7.06568533,GOOD
B0018,54,3.8174,4.1836,2.9564,1.9283,2.1626,26.49,29.29,3498.6,3577.4,1.8447,92.23,1.2272000000000003,2.8000000000000007,7.041957780000001,GOOD
B0018,55,3.8112,4.2047,2.983,1.9289,2.1252,25.74,29.37,3409.0,3603.3,1.8433,92.17,1.2216999999999998,3.6300000000000026,7.02518496,GOOD
B0018,56,3.8568,4.1867,2.9344,2.0107,2.1026,26.59,30.5,3315.5,3648.5,1.84,92.0,1.2523,3.91,7.096512,GOOD
B0018,57,3.8245,4.1884,2.9637,2.0802,2.1639,25.87,30.99,3252.9,3638.2,1.8386,91.93,1.2247,5.119999999999997,7.0317257,GOOD
B0018,58,3.837,4.1862,2.9454,1.9743,2.175,27.02,29.91,3330.3,3561.5,1.8358,91.79,1.2408000000000006,2.8900000000000006,7.043964600000001,GOOD
B0018,59,3.8121,4.1887,2.9713,2.0411,2.1353,25.22,29.24,3264.1,3648.2,1.8338,91.69,1.2174,4.02,6.99062898,GOOD
B0018,60,3.8269,4.2052,2.9139,2.1316,2.1518,27.53,28.9,3078.4,3586.8,1.8356,91.78,1.2912999999999997,1.3699999999999974,7.02465764,GOOD
B0018,61,3.8302,4.1992,2.917,2.0078,2.1768,27.39,29.69,3274.9,3626.8,1.8336,91.68,1.2822000000000005,2.3000000000000007,7.023054719999999,GOOD
B0018,62,3.8447,4.1877,2.9347,1.9334,2.1628,27.43,28.75,3412.6,3672.2,1.8313,91.57,1.2530000000000006,1.3200000000000003,7.04079911,GOOD
B0018,63,3.8364,4.1878,2.965,1.9907,2.1821,26.93,29.39,3314.6,3664.2,1.8282,91.41,1.2228000000000003,2.460000000000001,7.01370648,GOOD
B0018,64,3.8263,4.1869,2.9598,1.9972,2.1774,27.02,29.83,3267.3,3588.9,1.8267,91.34,1.2270999999999996,2.8099999999999987,6.9895022099999995,GOOD
B0018,65,3.8373,4.1847,2.9273,2.0429,2.1899,25.84,29.23,3258.6,3627.6,1.8252,91.26,1.2574000000000005,3.3900000000000006,7.00383996,GOOD
B0018,66,3.8393,4.1959,2.9619,1.9579,2.1612,27.65,30.95,3381.7,3689.1,1.8242,91.21,1.234,3.3000000000000007,7.00365106,GOOD
B0018,67,3.8147,4.1977,2.9243,1.9889,2.1676,24.1,30.6,3306.0,3588.1,1.8215,91.08,1.2734,6.5,6.94847605,GOOD
B0018,68,3.8256,4.1934,2.9694,2.0439,2.1692,25.88,30.36,3239.4,3625.4,1.819,90.95,1.2239999999999998,4.48,6.9587664,GOOD
B0018,69,3.8324,4.2016,2.9235,1.9923,2.1482,27.21,29.68,3231.3,3649.6,1.815,90.75,1.2780999999999998,2.469999999999999,6.955805999999999,GOOD
B0018,70,3.8149,4.1895,2.9465,1.9462,2.1442,26.09,29.84,3364.7,3661.1,1.8133,90.66,1.2429999999999999,3.75,6.91755817,GOOD
B0018,71,3.8361,4.188,2.9128,1.9332,2.1177,25.72,32.51,3326.8,3673.0,1.8115,90.57,1.2752,6.789999999999999,6.949095150000001,GOOD
B0018,72,3.8246,4.1883,2.9489,1.9543,2.1777,27.6,30.39,3330.9,3653.3,1.8093,90.47,1.2393999999999998,2.789999999999999,6.91984878,GOOD
B0018,73,3.8362,4.1977,2.941,1.9761,2.1743,26.7,30.67,3307.3,3675.5,1.8067,90.34,1.2567000000000004,3.9700000000000024,6.93086254,GOOD
B0018,74,3.8116,4.2016,2.9714,1.9491,2.1226,26.22,31.44,3387.5,3616.7,1.8042,90.21,1.2302,5.220000000000002,6.87688872,GOOD
B0018,75,3.8087,4.201,2.9565,1.9588,2.0869,27.71,30.05,3336.8,3649.2,1.8019,90.09,1.2444999999999995,2.34,6.86289653,GOOD
B0018,76,3.8075,4.1906,2.9257,2.0058,2.162,28.33,31.13,3278.7,3618.9,1.8019,90.09,1.2649,2.8000000000000007,6.86073425,GOOD
B0018,77,3.8135,4.1877,2.9192,1.8679,2.1756,25.89,32.1,3460.6,3576.3,1.7983,89.91,1.2685000000000004,6.210000000000001,6.8578170499999995,GOOD
B0018,78,3.8217,4.1828,2.9494,1.9242,2.1278,27.11,31.2,3386.8,3586.7,1.7974,89.87,1.2334000000000005,4.09,6.86912358,GOOD
B0018,79,3.8348,4.1906,2.9427,2.0081,2.189,26.6,29.38,3190.0,3647.1,1.7956,89.78,1.2479,2.7799999999999976,6.88576688,GOOD
B0018,80,3.8098,4.1924,2.9207,2.0163,2.1717,27.36,29.25,3207.8,3646.3,1.7953,89.77,1.2717,1.8900000000000006,6.8397339399999995,GOOD
B0018,81,3.8223,4.1933,2.9334,1.9498,2.1492,28.52,30.44,3342.9,3642.1,1.7936,89.68,1.2599,1.9200000000000017,6.85567728,GOOD
B0018,82,3.8128,4.1917,2.9475,2.119,2.1516,26.07,29.22,3032.3,3595.9,1.7923,89.62,1.2442000000000002,3.1499999999999986,6.83368144,GOOD
B0018,83,3.8253,4.191,2.9467,2.0032,2.206,27.58,31.8,3172.4,3594.7,1.7894,89.47,1.2443,4.220000000000002,6.844991820000001,GOOD
B0018,84,3.7932,4.1885,2.9564,1.9677,2.1137,27.63,33.01,3244.5,3691.0,1.7866,89.33,1.2321000000000004,5.379999999999999,6.77693112,GOOD
B0018,85,3.8143,4.1912,2.9164,2.0438,2.1038,27.28,32.05,3168.8,3662.1,1.7855,89.28,1.2748000000000004,4.769999999999996,6.81043265,GOOD
B0018,86,3.8123,4.1838,2.9339,1.9937,2.0865,26.25,29.76,3192.2,3629.0,1.7814,89.07,1.2498999999999998,3.5100000000000016,6.79123122,GOOD
B0018,87,3.8035,4.185,2.9379,2.0058,2.1544,28.6,31.21,3182.9,3639.3,1.7795,88.98,1.2470999999999997,2.6099999999999994,6.768328250000001,GOOD
B0018,88,3.824,4.191,2.8907,1.9782,2.15,28.24,30.29,3185.1,3646.6,1.7772,88.86,1.3003,2.0500000000000007,6.7960128,GOOD
B0018,89,3.8085,4.203,2.9717,1.9964,2.1556,28.32,31.03,3174.6,3680.1,1.7739,88.69,1.2313000000000005,2.710000000000001,6.75589815,GOOD
B0018,90,3.8019,4.1892,2.925,2.0315,2.1598,27.7,31.32,3149.3,3652.5,1.7739,88.69,1.2641999999999998,3.620000000000001,6.74419041,GOOD
B0018,91,3.8211,4.1848,2.9153,1.9898,2.1636,28.55,30.37,3230.6,3622.7,1.7711,88.55,1.2695000000000003,1.8200000000000003,6.76755021,GOOD
B0018,92,3.8419,4.1821,2.9199,1.8825,2.0993,26.0,31.84,3392.5,3678.0,1.7672,88.36,1.2622,5.84,6.78940568,GOOD
B0018,93,3.8201,4.1913,2.923,2.051,2.1504,27.75,28.92,3061.3,3685.7,1.7642,88.21,1.2683,1.1700000000000017,6.73942042,GOOD
B0018,94,3.7915,4.1938,2.9248,1.9797,2.1953,28.42,31.1,3227.0,3557.5,1.7627,88.13,1.2690000000000006,2.6799999999999997,6.68327705,GOOD
B0018,95,3.7957,4.1832,2.8883,1.9069,2.1824,27.88,30.56,3346.6,3623.7,1.7591,87.96,1.2949000000000002,2.6799999999999997,6.677015870000001,GOOD
B0018,96,3.8044,4.1898,2.905,1.962,2.1663,27.96,30.95,3177.1,3746.8,1.7564,87.82,1.2848000000000002,2.9899999999999984,6.68204816,GOOD
B0018,97,3.8159,4.184,2.9467,2.0684,2.0988,27.34,31.21,3124.6,3706.2,1.7541,87.71,1.2373000000000003,3.870000000000001,6.69347019,GOOD
B0018,98,3.7999,4.1857,2.929,2.0786,2.1533,27.85,30.77,3051.9,3630.1,1.7536,87.68,1.2567,2.919999999999998,6.66350464,GOOD
B0018,99,3.8169,4.1901,2.8989,2.0823,2.127,27.96,31.1,3077.4,3640.0,1.7532,87.66,1.2912000000000003,3.1400000000000006,6.69178908,GOOD
B0018,100,3.8222,4.1977,2.9114,2.0339,2.1539,27.19,32.34,3078.7,3651.3,1.7529,87.65,1.2863000000000002,5.150000000000002,6.699934379999999,GOOD
B0018,101,3.8129,4.186,2.9604,2.0631,2.1797,28.67,31.6,3043.1,3606.9,1.7503,87.52,1.2256,2.9299999999999997,6.67371887,GOOD
B0018,102,3.794,4.1872,2.9239,2.0457,2.1766,26.61,32.26,3111.9,3640.8,1.7489,87.44,1.2632999999999996,5.649999999999999,6.6353266,GOOD
B0018,103,3.8219,4.1834,2.9614,1.9642,2.1787,28.31,30.38,3203.8,3687.9,1.7451,87.26,1.222,2.0700000000000003,6.66959769,GOOD
B0018,104,3.8099,4.1946,2.9379,1.9801,2.1963,28.64,31.88,3151.5,3605.4,1.7443,87.21,1.2567000000000004,3.2399999999999984,6.645608569999999,GOOD
B0018,105,3.83,4.1888,2.8988,2.0412,2.1552,28.04,31.15,3060.3,3631.3,1.7415,87.07,1.2899999999999996,3.1099999999999994,6.669945,GOOD
B0018,106,3.8025,4.1924,2.9028,2.0249,2.1711,27.92,32.63,3076.5,3680.7,1.7386,86.93,1.2896,4.710000000000001,6.6110265,GOOD
B0018,107,3.7951,4.1798,2.8805,1.8896,2.1628,27.42,31.83,3301.9,3676.8,1.7359,86.8,1.2993000000000001,4.409999999999997,6.58791409,GOOD
B0018,108,3.8074,4.1897,2.9165,2.0696,2.0899,27.16,32.65,3047.5,3671.1,1.7329,86.64,1.2732,5.489999999999998,6.59784346,GOOD
B0018,109,3.8343,4.19,2.9134,2.0666,2.1643,28.48,32.87,3003.8,3725.2,1.7308,86.54,1.2766000000000002,4.389999999999997,6.636406439999999,GOOD
B0018,110,3.7763,4.1856,2.9035,2.0181,2.1293,27.74,31.64,3148.6,3622.8,1.7314,86.57,1.2820999999999998,3.900000000000002,6.5382858200000005,GOOD
B0018,111,3.8224,4.1853,2.9094,1.9677,2.1721,26.68,29.09,3205.9,3665.4,1.731,86.55,1.2758999999999996,2.41,6.6165744,GOOD
B0018,112,3.8241,4.1842,2.9116,2.0253,2.1468,27.55,31.71,3102.9,3645.6,1.7274,86.37,1.2725999999999997,4.16,6.60575034,GOOD
B0018,113,3.81,4.1839,2.9156,1.9231,2.162,28.54,33.08,3199.2,3635.1,1.7243,86.21,1.2683000000000004,4.539999999999999,6.569583,GOOD
B0018,114,3.7973,4.179,2.898,2.014,2.182,29.2,32.11,3094.3,3695.4,1.7216,86.08,1.2810000000000001,2.91,6.53743168,GOOD
B0018,115,3.7887,4.189,2.9391,2.0315,2.1599,27.69,32.45,3033.0,3626.3,1.7217,86.08,1.2499000000000002,4.760000000000002,6.52300479,GOOD
B0018,116,3.8237,4.1842,2.8992,2.0236,2.1236,28.08,32.29,3041.4,3647.6,1.7201,86.01,1.2849999999999997,4.210000000000001,6.57714637,GOOD
B0018,117,3.8239,4.1896,2.8854,2.0063,2.1551,26.13,33.44,3054.5,3742.1,1.7189,85.94,1.3042000000000002,7.309999999999999,6.572901710000001,GOOD
B0018,118,3.7859,4.1866,2.9241,1.9881,2.1853,27.65,32.05,3134.9,3683.1,1.7155,85.78,1.2625000000000002,4.399999999999999,6.49471145,GOOD
B0018,119,3.8089,4.1889,2.8866,1.9305,2.0921,27.74,32.11,3211.8,3692.3,1.7142,85.71,1.3023000000000002,4.370000000000001,6.529216379999999,GOOD
B0018,120,3.8008,4.1882,2.91,2.0037,2.127,28.26,32.9,3072.1,3669.4,1.7172,85.86,1.2782,4.639999999999997,6.526733760000001,GOOD
B0018,121,3.8153,4.1864,2.9077,2.0219,2.1404,27.36,31.57,3065.4,3651.1,1.7148,85.74,1.2786999999999997,4.210000000000001,6.542476440000001,GOOD
B0018,122,3.8103,4.1929,2.9262,1.9694,2.1777,29.72,32.4,3128.5,3649.7,1.7126,85.63,1.2666999999999997,2.6799999999999997,6.525519779999999,GOOD
B0018,123,3.8134,4.1874,2.8986,2.0344,2.1734,27.59,31.73,3010.0,3746.0,1.7115,85.58,1.2888000000000002,4.140000000000001,6.5266341,GOOD
B0018,124,3.811,4.1857,2.8957,2.0182,2.2163,28.33,32.85,2969.0,3672.3,1.7073,85.37,1.2899999999999996,4.520000000000003,6.5065203,GOOD
B0018,125,3.7927,4.1877,2.894,1.9682,2.1312,27.96,32.12,3122.0,3660.3,1.7066,85.33,1.2937000000000003,4.159999999999997,6.47262182,GOOD
B0018,126,3.7689,4.1886,2.9006,1.9933,2.1288,28.03,30.78,3081.2,3678.5,1.7026,85.13,1.2880000000000003,2.75,6.41692914,GOOD
B0018,127,3.8283,4.1867,2.8993,2.0668,2.2143,27.28,31.87,2959.8,3633.8,1.701,85.05,1.2873999999999999,4.59,6.511938300000001,GOOD
B0018,128,3.786,4.1935,2.9101,2.0582,2.1245,27.89,33.38,2990.7,3652.5,1.6976,84.88,1.2834000000000003,5.490000000000002,6.4271136,GOOD
B0018,129,3.7919,4.1862,2.8775,1.9433,2.1802,28.06,33.67,3158.4,3677.0,1.6953,84.76,1.3087000000000004,5.610000000000003,6.428408070000001,GOOD
B0018,130,3.7798,4.1847,2.9266,2.0444,2.1335,27.89,31.62,2936.0,3669.1,1.6937,84.68,1.2581000000000002,3.7300000000000004,6.401847259999999,GOOD
B0018,131,3.8237,4.1899,2.8831,1.9275,2.1814,28.63,32.27,3140.3,3689.5,1.6892,84.46,1.3067999999999995,3.640000000000004,6.45899404,GOOD
B0018,132,3.8008,4.1807,2.939,1.9656,2.1695,27.34,32.46,3117.5,3710.0,1.6877,84.38,1.2416999999999998,5.120000000000001,6.4146101600000005,GOOD
B0018,133,3.7947,4.1834,2.872,2.0752,2.1531,28.56,33.82,2939.5,3661.4,1.6843,84.22,1.3114,5.260000000000002,6.39141321,GOOD
B0018,134,3.7871,4.1788,2.921,1.973,2.1409,28.18,32.09,3100.1,3682.0,1.6809,84.05,1.2578,3.9100000000000037,6.36573639,GOOD
B0018,135,3.7769,4.188,2.843,2.0116,2.1903,28.43,33.93,2967.6,3749.0,1.6788,83.94,1.3449999999999998,5.5,6.3406597200000006,GOOD
B0018,136,3.8027,4.1834,2.8759,1.9965,2.1861,27.35,32.77,3042.4,3705.2,1.675,83.75,1.3074999999999997,5.420000000000002,6.3695225,GOOD
B0018,137,3.7739,4.192,2.8917,1.9457,2.1493,26.86,33.37,3089.2,3617.7,1.6717,83.58,1.3003,6.509999999999998,6.30882863,GOOD
B0018,138,3.7842,4.183,2.8444,1.9164,2.1431,28.13,33.8,3117.3,3647.9,1.6695,83.48,1.3386,5.669999999999998,6.3177219,GOOD
B0018,139,3.7914,4.1866,2.8807,2.0286,2.219,27.81,33.26,2960.3,3711.4,1.6676,83.38,1.3059000000000003,5.449999999999999,6.322538639999999,GOOD
B0018,140,3.7831,4.1802,2.9002,1.9458,2.1855,28.94,32.99,3040.9,3697.0,1.6649,83.24,1.2800000000000002,4.050000000000001,6.298483190000001,GOOD
B0018,141,3.7872,4.1822,2.8854,2.0233,2.1341,29.24,34.85,2964.3,3657.5,1.6604,83.02,1.2967999999999997,5.610000000000003,6.28826688,GOOD
B0018,142,3.8109,4.1866,2.8961,2.0352,2.1237,28.92,31.63,2911.9,3716.8,1.6574,82.87,1.2905000000000002,2.7099999999999973,6.31618566,GOOD
B0018,143,3.7887,4.1942,2.8594,1.9897,2.1583,26.33,32.85,2958.6,3627.4,1.6538,82.69,1.3348000000000004,6.520000000000003,6.26575206,GOOD
B0018,144,3.765,4.1816,2.8488,2.0062,2.1531,28.32,34.04,2954.9,3671.1,1.6516,82.58,1.3328000000000002,5.719999999999999,6.218274,GOOD
B0018,145,3.7575,4.1848,2.8785,2.0855,2.17,28.29,33.22,2875.8,3693.2,1.6502,82.51,1.3063000000000002,4.93,6.200626499999999,GOOD
B0018,146,3.7798,4.1903,2.8747,2.0097,2.1333,28.54,33.32,2965.7,3675.5,1.6457,82.28,1.3155999999999999,4.780000000000001,6.220416859999999,GOOD
B0018,147,3.79,4.1927,2.8807,2.0749,2.1464,27.42,32.71,2839.3,3664.3,1.6461,82.31,1.3120000000000003,5.289999999999999,6.238719,GOOD
B0018,148,3.7907,4.1836,2.9074,1.9395,2.1574,29.03,33.95,3042.4,3682.8,1.645,82.25,1.2762000000000002,4.920000000000002,6.2357015,GOOD
B0018,149,3.7657,4.1835,2.8801,2.0042,2.1522,29.08,35.15,2931.6,3689.7,1.642,82.1,1.3034000000000003,6.07,6.183279399999999,GOOD
B0018,150,3.763,4.1949,2.9259,1.9298,2.1796,27.66,33.43,3072.8,3623.5,1.6421,82.11,1.2689999999999997,5.77,6.179222299999999,GOOD
B0018,151,3.795,4.1858,2.8588,1.9651,2.1053,27.81,32.91,3034.9,3720.1,1.6405,82.02,1.3270000000000004,5.099999999999998,6.2256975,GOOD
B0018,152,3.7956,4.1857,2.8883,2.0243,2.1015,30.31,31.39,2943.4,3678.3,1.6357,81.78,1.2973999999999997,1.0800000000000018,6.20846292,GOOD
B0018,153,3.7968,4.1841,2.8639,1.9309,2.106,28.34,32.97,3011.0,3678.0,1.6344,81.72,1.3201999999999998,4.629999999999999,6.205489920000001,GOOD
B0018,154,3.7938,4.1908,2.8826,1.9953,2.134,30.01,33.2,3021.3,3629.7,1.6331,81.66,1.3082000000000003,3.1900000000000013,6.19565478,GOOD
B0018,155,3.8092,4.181,2.8713,2.0313,2.1616,29.32,34.59,2878.8,3735.0,1.6302,81.51,1.3096999999999999,5.270000000000003,6.209757840000001,GOOD
B0018,156,3.8038,4.1901,2.8597,1.9275,2.143,29.22,33.12,3058.9,3755.5,1.6297,81.49,1.3304,3.8999999999999986,6.199052859999999,GOOD
B0018,157,3.7579,4.184,2.8608,1.976,2.188,28.83,33.47,2954.3,3676.9,1.6288,81.44,1.3232000000000004,4.640000000000001,6.12086752,GOOD
B0018,158,3.8286,4.1856,2.8969,2.0093,2.0892,28.5,33.81,2934.7,3687.4,1.6258,81.29,1.2887,5.310000000000002,6.22453788,GOOD
B0018,159,3.7645,4.1843,2.8994,1.9514,2.1836,29.83,32.33,3002.7,3685.9,1.6222,81.11,1.2849000000000004,2.5,6.1067719,GOOD
B0018,160,3.7631,4.1827,2.8689,1.9151,2.1108,28.26,32.55,3054.6,3716.5,1.6198,80.99,1.3137999999999996,4.289999999999996,6.09546938,GOOD
B0018,161,3.7971,4.1887,2.8695,2.0204,2.1433,28.13,32.89,2891.9,3675.6,1.6175,80.88,1.3192,4.760000000000002,6.14180925,GOOD
B0018,162,3.7569,4.1756,2.8398,2.0083,2.1087,29.31,34.42,2938.7,3737.2,1.614,80.7,1.3358000000000003,5.110000000000003,6.063636600000001,GOOD
B0018,163,3.7598,4.1805,2.8891,1.9805,2.1493,28.63,35.29,2900.2,3684.2,1.6123,80.61,1.2914000000000003,6.66,6.06192554,GOOD
B0018,164,3.812,4.1801,2.888,1.9684,2.1913,30.48,32.85,2961.0,3726.5,1.6083,80.42,1.2921000000000005,2.370000000000001,6.1308396,GOOD
B0018,165,3.7922,4.1865,2.9082,1.9014,2.1483,28.12,33.79,3017.3,3672.3,1.606,80.3,1.2782999999999998,5.669999999999998,6.0902732,GOOD
B0018,166,3.7859,4.1888,2.8597,2.0715,2.1813,30.78,34.22,2786.5,3619.6,1.6045,80.22,1.3290999999999995,3.4399999999999977,6.07447655,GOOD
B0018,167,3.7801,4.1829,2.9134,1.9897,2.0969,29.71,34.45,2886.1,3768.6,1.6028,80.14,1.2694999999999999,4.740000000000002,6.05874428,GOOD
B0018,168,3.8015,4.1817,2.8466,2.12,2.1721,28.96,33.56,2729.3,3665.5,1.6024,80.12,1.3351000000000002,4.600000000000001,6.0915236,GOOD
B0018,169,3.7837,4.1882,2.869,2.0435,2.1904,30.57,34.41,2789.5,3677.6,1.5982,79.91,1.3192,3.8399999999999963,6.04710934,WARNING
B0018,170,3.7734,4.1793,2.8675,1.9508,2.1147,27.89,34.43,2954.7,3672.0,1.5956,79.78,1.3117999999999994,6.539999999999999,6.02083704,WARNING
B0018,171,3.7666,4.1848,2.8643,1.963,2.1352,28.82,34.24,2936.9,3668.4,1.5917,79.59,1.3205,5.420000000000002,5.995297219999999,WARNING
B0018,172,3.7833,4.1745,2.8631,2.0781,2.1289,29.16,35.04,2776.9,3688.5,1.5899,79.5,1.3114,5.879999999999999,6.015068670000001,WARNING
B0018,173,3.7623,4.1852,2.8347,1.8967,2.1802,29.63,34.93,2990.7,3705.2,1.5873,79.37,1.3504999999999998,5.300000000000001,5.97189879,WARNING
B0018,174,3.7755,4.1875,2.8578,1.9652,2.109,29.64,35.15,2880.3,3714.6,1.5852,79.26,1.3296999999999999,5.509999999999998,5.9849226,WARNING
B0018,175,3.7912,4.1827,2.8654,1.9651,2.1607,28.9,33.71,2855.6,3656.6,1.5836,79.18,1.3172999999999995,4.810000000000002,6.003744319999999,WARNING
B0018,176,3.7843,4.1854,2.847,1.9918,2.2006,29.5,33.62,2808.2,3653.8,1.5816,79.08,1.3383999999999996,4.119999999999997,5.985248879999999,WARNING
B0018,177,3.8089,4.1781,2.8594,2.0185,2.1832,29.43,33.68,2800.6,3702.8,1.58,79.0,1.3186999999999998,4.25,6.0180620000000005,WARNING
B0018,178,3.7622,4.1796,2.8311,2.0925,2.1679,30.75,34.72,2760.7,3703.7,1.5781,78.91,1.3484999999999996,3.969999999999999,5.937127820000001,WARNING
B0018,179,3.7464,4.1775,2.8575,2.0031,2.1477,29.84,34.76,2855.7,3716.3,1.5745,78.73,1.3200000000000003,4.919999999999998,5.8987068,WARNING
B0018,180,3.7962,4.1707,2.8606,1.9538,2.1817,27.67,35.77,2875.0,3646.2,1.5744,78.72,1.3101000000000003,8.100000000000001,5.97673728,WARNING
B0018,181,3.772,4.1908,2.8825,1.9745,2.1813,29.09,33.78,2886.2,3748.7,1.5713,78.56,1.3083000000000005,4.690000000000001,5.9269435999999995,WARNING
B0018,182,3.7717,4.1833,2.8365,2.0783,2.1229,29.04,36.14,2724.4,3768.7,1.5691,78.45,1.3468,7.100000000000001,5.918174469999999,WARNING
B0018,183,3.8146,4.1848,2.8386,1.9616,2.1063,28.5,33.75,2845.4,3588.4,1.5666,78.33,1.3462,5.25,5.97595236,WARNING
B0018,184,3.788,4.1831,2.8301,2.0823,2.1447,28.93,34.67,2707.3,3591.9,1.5629,78.14,1.3529999999999998,5.740000000000002,5.920265199999999,WARNING
B0018,185,3.7778,4.1796,2.8256,1.9354,2.1654,30.23,34.03,2913.6,3674.2,1.5602,78.01,1.3539999999999996,3.8000000000000007,5.894123560000001,WARNING
B0018,186,3.7788,4.1757,2.8891,1.9281,2.1585,29.77,34.57,2954.4,3585.6,1.5585,77.93,1.2866,4.800000000000001,5.8892598,WARNING
B0018,187,3.7711,4.1842,2.8515,1.9962,2.1138,29.14,37.68,2822.6,3735.6,1.5553,77.76,1.3326999999999996,8.54,5.86519183,WARNING
B0018,188,3.762,4.1851,2.8115,1.9675,2.1394,30.46,34.99,2827.3,3708.8,1.553,77.65,1.3736000000000002,4.530000000000001,5.842385999999999,WARNING
B0018,189,3.7905,4.1823,2.8835,1.9861,2.1868,29.8,33.92,2888.6,3746.9,1.5506,77.53,1.2987999999999995,4.120000000000001,5.8775493,WARNING
B0018,190,3.7855,4.1756,2.8271,2.0557,2.1501,29.63,34.36,2714.7,3684.8,1.5475,77.38,1.3485,4.73,5.85806125,WARNING
B0018,191,3.7948,4.1803,2.8838,1.9119,2.097,29.55,35.66,2876.8,3645.2,1.5472,77.36,1.2965,6.109999999999996,5.871314559999999,WARNING
B0018,192,3.7685,4.1835,2.8405,2.0193,2.191,28.83,35.9,2701.5,3720.4,1.544,77.2,1.3430000000000004,7.07,5.818564,WARNING
B0018,193,3.7649,4.1839,2.8359,2.0293,2.0822,29.95,35.15,2771.5,3733.5,1.5396,76.98,1.3480000000000003,5.199999999999999,5.79644004,WARNING
B0018,194,3.7764,4.1734,2.8777,2.0346,2.0942,30.05,35.11,2696.3,3700.9,1.537,76.85,1.2957,5.059999999999999,5.8043268,WARNING
B0018,195,3.7509,4.1774,2.8474,2.0464,2.1521,30.63,35.47,2669.7,3723.1,1.5353,76.76,1.3299999999999996,4.84,5.758756770000001,WARNING
B0018,196,3.7977,4.1825,2.8185,1.9723,2.0944,30.31,36.51,2724.0,3765.8,1.5317,76.58,1.3640000000000003,6.199999999999999,5.81693709,WARNING
B0018,197,3.7551,4.1816,2.8215,2.022,2.1519,30.19,33.98,2697.8,3718.6,1.5283,76.41,1.3601000000000005,3.7899999999999956,5.73891933,WARNING
B0018,198,3.773,4.1825,2.8372,2.0578,2.1444,29.78,34.3,2701.0,3670.7,1.5261,76.3,1.3453,4.519999999999996,5.7579753,WARNING
B0018,199,3.7728,4.1935,2.8276,2.0638,2.1653,29.56,35.49,2668.8,3686.2,1.5218,76.09,1.3659000000000003,5.930000000000003,5.741447040000001,WARNING
B0018,200,3.7875,4.1826,2.8316,1.9762,2.1474,30.89,34.25,2778.0,3637.5,1.5185,75.92,1.351,3.3599999999999994,5.75131875,WARNING
B0018,201,3.7809,4.19,2.8577,1.9799,2.104,30.44,34.71,2764.6,3671.7,1.515,75.75,1.3323000000000005,4.27,5.728063499999999,WARNING
B0018,202,3.7437,4.1746,2.8147,2.0436,2.1252,31.15,34.25,2727.1,3623.0,1.5124,75.62,1.3598999999999997,3.1000000000000014,5.66197188,WARNING
B0018,203,3.7694,4.1736,2.8266,1.9869,2.1575,29.33,35.53,2737.8,3732.7,1.509,75.45,1.3470000000000004,6.200000000000003,5.688024599999999,WARNING
B0018,204,3.7623,4.1868,2.8187,1.9304,2.1311,28.68,36.81,2802.4,3691.1,1.5073,75.36,1.3680999999999996,8.130000000000003,5.67091479,WARNING
B0018,205,3.7571,4.1784,2.821,1.9122,2.1515,30.95,35.25,2858.2,3658.7,1.5035,75.18,1.3573999999999997,4.300000000000001,5.64879985,WARNING
B0018,206,3.7482,4.1812,2.8288,1.9822,2.1701,29.77,36.29,2734.2,3688.4,1.5016,75.08,1.3523999999999994,6.52,5.62829712,WARNING
B0018,207,3.7771,4.1807,2.841,2.0181,2.1341,30.05,34.79,2714.4,3692.5,1.5006,75.03,1.3396999999999997,4.739999999999998,5.667916259999999,WARNING
B0018,208,3.7866,4.1852,2.8383,1.9935,2.1386,30.16,34.41,2720.7,3770.1,1.4985,74.93,1.3469000000000002,4.2499999999999964,5.674220099999999,WARNING
B0018,209,3.7499,4.1814,2.8367,2.0223,2.1254,30.23,36.2,2629.3,3686.5,1.495,74.75,1.3447,5.970000000000002,5.6061005,WARNING
B0018,210,3.781,4.1772,2.8528,1.9793,2.1519,30.97,34.34,2689.7,3759.3,1.4973,74.86,1.3244000000000002,3.3700000000000045,5.6612913,WARNING
B0018,211,3.776,4.17,2.7811,2.0182,2.1462,30.57,37.26,2629.9,3707.0,1.4952,74.76,1.3889,6.689999999999998,5.6458752,WARNING
B0018,212,3.7488,4.1759,2.7951,2.1119,2.0839,30.94,34.1,2509.2,3748.6,1.4905,74.53,1.3808000000000002,3.16,5.5875864,WARNING
B0018,213,3.7746,4.1856,2.8336,2.0445,2.1524,30.43,34.82,2678.9,3736.2,1.4885,74.43,1.3519999999999999,4.390000000000001,5.6184921,WARNING
B0018,214,3.776,4.1752,2.8474,2.0778,2.1086,30.78,35.55,2557.4,3663.3,1.485,74.25,1.3278000000000003,4.769999999999996,5.60736,WARNING
B0018,215,3.7671,4.1775,2.8388,1.9936,2.1289,30.48,35.5,2621.0,3682.3,1.4809,74.05,1.3387000000000002,5.02,5.5786983900000005,WARNING
B0018,216,3.7388,4.1807,2.8138,2.0521,2.0951,30.16,34.94,2548.2,3708.2,1.4795,73.98,1.3668999999999998,4.779999999999998,5.5315546,WARNING
B0018,217,3.7665,4.1819,2.8318,2.0197,2.1809,30.4,34.77,2617.0,3685.0,1.4785,73.92,1.3500999999999999,4.3700000000000045,5.56877025,WARNING
B0018,218,3.7746,4.1808,2.7923,1.9587,2.1172,30.7,36.71,2727.8,3681.0,1.4768,73.84,1.3884999999999996,6.010000000000002,5.57432928,WARNING
B0018,219,3.7415,4.1715,2.8417,2.0722,2.1286,30.51,36.39,2511.4,3667.6,1.4743,73.72,1.3298,5.879999999999999,5.51609345,WARNING
B0018,220,3.7476,4.1762,2.8119,1.9003,2.1525,30.48,35.88,2780.4,3691.6,1.469,73.45,1.3642999999999996,5.400000000000002,5.5052244,WARNING
B0018,221,3.7541,4.173,2.8065,1.9514,2.1672,30.77,35.76,2764.1,3673.5,1.4667,73.34,1.3664999999999998,4.989999999999998,5.50613847,WARNING
B0018,222,3.7573,4.1786,2.8358,1.9761,2.1183,29.84,33.66,2682.5,3734.3,1.4625,73.12,1.3428000000000004,3.8199999999999967,5.4950512499999995,WARNING
B0018,223,3.767,4.181,2.82,2.0232,2.1827,30.72,35.28,2587.1,3741.6,1.4577,72.88,1.3610000000000002,4.560000000000002,5.4911559,WARNING
B0018,224,3.7737,4.1871,2.8388,2.0374,2.1604,29.98,34.97,2545.2,3734.2,1.4553,72.77,1.3483,4.989999999999998,5.49186561,WARNING
B0018,225,3.7596,4.1796,2.8032,1.9749,2.1597,30.39,35.68,2617.4,3705.1,1.4529,72.64,1.3763999999999998,5.289999999999999,5.46232284,WARNING
B0018,226,3.7529,4.1717,2.8384,2.0262,2.1564,29.6,34.73,2526.5,3730.3,1.448,72.4,1.3333000000000004,5.1299999999999955,5.4341992,WARNING
B0018,227,3.7662,4.187,2.8096,1.9838,2.1532,30.49,36.44,2600.9,3657.7,1.4438,72.19,1.3774000000000002,5.949999999999999,5.43763956,WARNING
B0018,228,3.766,4.1746,2.7942,1.969,2.2086,29.81,36.71,2650.9,3767.7,1.443,72.15,1.3803999999999998,6.900000000000002,5.434338,WARNING
B0018,229,3.735,4.1821,2.8118,2.0637,2.1745,31.52,38.38,2520.8,3772.2,1.4402,72.01,1.3703000000000003,6.860000000000003,5.379147,WARNING
B0018,230,3.7661,4.1745,2.8256,2.0187,2.0882,30.26,36.28,2496.2,3711.2,1.4377,71.89,1.3489,6.02,5.41452197,WARNING
B0018,231,3.7771,4.173,2.8425,2.0604,2.0856,30.87,36.31,2550.4,3727.0,1.4336,71.68,1.3305000000000002,5.440000000000001,5.41485056,WARNING
B0018,232,3.7455,4.1688,2.8014,2.0788,2.1778,32.66,34.68,2505.8,3746.2,1.4289,71.45,1.3674,2.020000000000003,5.35194495,WARNING
B0018,233,3.7684,4.1774,2.8228,2.034,2.1794,30.89,37.93,2518.0,3791.9,1.4263,71.32,1.3545999999999996,7.039999999999999,5.37486892,WARNING
B0018,234,3.7416,4.172,2.8319,1.9597,2.1947,30.43,36.59,2636.4,3676.4,1.4247,71.24,1.3400999999999996,6.160000000000004,5.33065752,WARNING
B0018,235,3.7602,4.1751,2.822,1.9327,2.1393,30.73,33.79,2681.2,3687.2,1.4234,71.17,1.3530999999999995,3.0599999999999987,5.35226868,WARNING
B0018,236,3.7452,4.1738,2.7864,2.0573,2.1636,32.02,36.05,2481.1,3650.7,1.4186,70.93,1.3874,4.029999999999994,5.31294072,WARNING
B0018,237,3.7578,4.1782,2.8469,1.9075,2.1569,30.62,36.37,2676.2,3710.9,1.4164,70.82,1.3313000000000001,5.7499999999999964,5.322547920000001,WARNING
B0018,238,3.735,4.1749,2.7812,1.9944,2.1424,28.99,38.26,2556.0,3621.5,1.4148,70.74,1.3937,9.27,5.2842780000000005,WARNING
B0018,239,3.7513,4.1695,2.815,1.9529,2.1558,30.41,35.46,2601.4,3654.6,1.4115,70.57,1.3545000000000003,5.050000000000001,5.29495995,WARNING
B0018,240,3.7639,4.1798,2.8157,1.9955,2.1369,31.48,36.94,2554.4,3737.0,1.4125,70.63,1.3641,5.459999999999997,5.316508750000001,WARNING
B0018,241,3.729,4.1763,2.8018,2.0973,2.169,31.19,36.9,2388.7,3696.1,1.4095,70.47,1.3745000000000003,5.709999999999997,5.2560255,WARNING
B0018,242,3.759,4.1736,2.7964,1.9466,2.1508,31.18,36.9,2581.0,3735.8,1.4069,70.34,1.3772000000000002,5.719999999999999,5.2885371,WARNING
B0018,243,3.7495,4.1772,2.8004,1.9219,2.1067,31.25,37.08,2642.2,3745.6,1.4051,70.26,1.3768000000000002,5.829999999999998,5.26842245,WARNING
B0018,244,3.7635,4.1773,2.792,2.0257,2.1589,32.44,37.92,2489.6,3705.3,1.4024,70.12,1.3853,5.480000000000004,5.2779324,WARNING
B0018,245,3.7603,4.1746,2.7642,1.9622,2.1252,31.01,37.19,2587.2,3782.5,1.3975,69.88,1.4103999999999997,6.179999999999996,5.25501925,WARNING
B0018,246,3.7321,4.1806,2.8379,2.0842,2.1136,31.0,37.57,2372.0,3654.0,1.3934,69.67,1.3427000000000002,6.57,5.20030814,WARNING
B0018,247,3.7411,4.1671,2.827,2.0082,2.1344,30.4,36.82,2507.2,3736.5,1.39,69.5,1.3400999999999996,6.420000000000002,5.200129,WARNING
B0018,248,3.758,4.1787,2.7947,2.052,2.1244,32.23,36.81,2421.5,3711.3,1.3888,69.44,1.384,4.580000000000005,5.2191104,WARNING
B0018,249,3.754,4.1783,2.8223,1.9737,2.1538,31.05,37.73,2513.9,3726.4,1.3845,69.23,1.3560000000000003,6.679999999999996,5.197413,WARNING
B0018,250,3.7693,4.1698,2.818,2.0344,2.117,31.16,35.8,2367.9,3719.2,1.3787,68.94,1.3518000000000003,4.639999999999997,5.19673391,WARNING
B0018,251,3.7331,4.1749,2.7568,2.0021,2.1505,31.82,35.18,2538.9,3795.7,1.3763,68.81,1.4181,3.3599999999999994,5.13786553,WARNING
B0018,252,3.7711,4.1791,2.7896,1.9697,2.1341,33.56,38.18,2505.4,3721.3,1.3741,68.71,1.3895,4.619999999999997,5.18186851,WARNING
B0018,253,3.7609,4.1699,2.8036,1.9724,2.1546,31.29,37.87,2492.6,3731.2,1.3701,68.5,1.3663000000000003,6.579999999999998,5.15280909,WARNING
B0018,254,3.7533,4.1707,2.7665,2.0565,2.1487,29.69,36.11,2397.1,3728.4,1.3692,68.46,1.4042,6.419999999999998,5.13901836,WARNING
B0018,255,3.6975,4.1717,2.8174,2.0701,2.1318,32.88,35.31,2352.6,3763.2,1.3668,68.34,1.3543000000000003,2.4299999999999997,5.053743,WARNING
B0018,256,3.7475,4.1688,2.7728,1.9637,2.1176,31.5,36.87,2463.5,3713.8,1.3628,68.14,1.396,5.369999999999997,5.107093,WARNING
